"imageAsset","name","description","github"
"ui/contributors/amos","Amos","Big Man, Founder","Mauler125"
"ui/contributors/icepixel","IcePixel","Former Developer","IcePixelx"
"ui/contributors/rexx","Rexx","Master Server, Developer","r-ex"
"ui/contributors/sal","Sal","Master Server, Developer","salcodes1"
"ui/contributors/kralrindo","KralRindo","Scripting, Maps, Models","kralrindo"
"ui/contributors/zee","Zee","Master Server, Website, Scripting","AyeZeeBB"
"ui/contributors/cafefps","CafeFPS","Scripting, Flowstate","CafeFPS"
"ui/contributors/mostlyfireproof","Mostly Fireproof","Scripting","mostlyfireproof"
"ui/contributors/julefox","Julefox","Scripting","Julefox"
"ui/contributors/reglitched","ReGlitched","Scripting","ReGlitched"
"ui/contributors/orobotic","O Robotic","Helper","o-robotic"
"ui/contributors/neeflow","Neeflow","Helper",""
"asset_noprecache","string","string","string"