"name","alias","priority","radioDisplayName","team","radioIntercept","vduVideo","dialogue","bucket","note"
"Host_IntroChampion_01_01","diag_ap_ainotify_introchampion_01_01",0,"#HOST_AI","TEAM_MILITIA",false,"","This is your champion","INTRO_CHAMPION_CARD",""
"Host_IntroChampion_01_02","diag_ap_ainotify_introchampion_01_02",0,"#HOST_AI","TEAM_MILITIA",false,"","This is your champion","INTRO_CHAMPION_CARD",""
"Host_IntroChampion_02_01","diag_ap_ainotify_introchampion_02_01",0,"#HOST_AI","TEAM_MILITIA",false,"","Introducing your champion","INTRO_CHAMPION_CARD",""
"Host_IntroChampion_02_02","diag_ap_ainotify_introchampion_02_02",0,"#HOST_AI","TEAM_MILITIA",false,"","Introducing your champion","INTRO_CHAMPION_CARD",""
"","",0,"","",false,"","","",""
"Host_AI_CircleMoving_01","diag_ap_aiNotify_circleMoving_01",0,"#HOST_AI","TEAM_MILITIA",false,"","Warning: Circle movement in progress.","CIRCLE_MOVING","Circle Moving"
"Host_AI_CircleMoving_02","diag_ap_aiNotify_circleMoving_02",0,"#HOST_AI","TEAM_MILITIA",false,"","Warning: Circle closing.","CIRCLE_MOVING","Circle Moving"
"Host_AI_FinalCircleMoving_01","diag_ap_aiNotify_circleMovingFinal_01",0,"#HOST_AI","TEAM_MILITIA",false,"","Warning: Final circle movement in progress.","FINAL_CIRCLE_MOVING","Final Circle Moving"
"Host_AI_FinalCircleMoving_02","diag_ap_aiNotify_circleMovingFinal_02",0,"#HOST_AI","TEAM_MILITIA",false,"","Warning: Final circle closing.","FINAL_CIRCLE_MOVING","Final Circle Moving"
"Host_AI_CircleClosingToNothing_01","diag_ap_aiNotify_circleClosingFinal_01",0,"#HOST_AI","TEAM_MILITIA",false,"","Warning: Circle closing completely.","CIRCLE_CLOSING_TO_NOTHING","Circle Closing To Nothing"
"Host_AI_CircleClosingToNothing_02","diag_ap_aiNotify_circleClosingFinal_02",0,"#HOST_AI","TEAM_MILITIA",false,"","Warning: Circle nearing completion.","CIRCLE_CLOSING_TO_NOTHING","Circle Closing To Nothing"
"Host_AI_CarePackage_01","diag_ap_aiNotify_droppingCarePack_01",0,"#HOST_AI","TEAM_MILITIA",false,"","Care package being delivered.","CARE_PACKAGE_DROPPING","Care Package Dropping"
"Host_AI_CarePackage_02","diag_ap_aiNotify_droppingCarePack_02",0,"#HOST_AI","TEAM_MILITIA",false,"","Attention: Delivering care package.","CARE_PACKAGE_DROPPING","Care Package Dropping"
"Host_AI_HoverTank","diag_ap_aiNotify_supplyShip",0,"#HOST_AI","TEAM_MILITIA",false,"","Attention: Supply ship inbound","HOVER_TANK_INBOUND","Hover tanks flying in"
"Host_AI_Winner_01","diag_ap_aiNotify_winnerFound_01",0,"#HOST_AI","TEAM_MILITIA",false,"","Attention: Winner decided.","WINNER","Winner"
"Host_AI_Winner_02","diag_ap_aiNotify_winnerFound_02",0,"#HOST_AI","TEAM_MILITIA",false,"","A winner has been appointed.","WINNER","Winner"
"Host_AI_Winner_03","diag_ap_aiNotify_winnerFound_03",0,"#HOST_AI","TEAM_MILITIA",false,"","Winner!.","WINNER","Winner"
"Host_AI_ChampionEliminated_01","diag_ap_aiNotify_championEliminated_01",0,"#HOST_AI","TEAM_MILITIA",false,"","Champion eliminated.","CHAMPION_ELIMINATED","Champion Eliminated"
"Host_AI_ChampionEliminated_02","diag_ap_aiNotify_championEliminated_02",0,"#HOST_AI","TEAM_MILITIA",false,"","Attention: The Champion has been eliminated.","CHAMPION_ELIMINATED","Champion Eliminated"
"Host_AI_NewKillLeader_01","diag_ap_aiNotify_killLeaderNew_01",0,"#HOST_AI","TEAM_MILITIA",false,"","New Kill Leader appointed.","NEW_KILL_LEADER","New Kill Leader"
"Host_AI_NewKillLeader_02","diag_ap_aiNotify_killLeaderNew_02",0,"#HOST_AI","TEAM_MILITIA",false,"","Attention: There is a new Kill Leader.","NEW_KILL_LEADER","New Kill Leader"
"Host_AI_KillLeaderEliminated_01","diag_ap_aiNotify_killLeaderEliminated_01",0,"#HOST_AI","TEAM_MILITIA",false,"","Kill Leader eliminated.","KILL_LEADER_ELIMINATED","Kill Leader Eliminated"
"Host_AI_KillLeaderEliminated_02","diag_ap_aiNotify_killLeaderEliminated_02",0,"#HOST_AI","TEAM_MILITIA",false,"","Attention: The Kill Leader has been eliminated.","KILL_LEADER_ELIMINATED","Kill Leader Eliminated"
"","",0,"","",false,"","","",""
"Host_AI_Begin_Round1","diag_ap_aiNotify_circleTimerStartRound1_01",0,"#HOST_AI","TEAM_MILITIA",false,"","Round 1 - Beginning Ring countdown.","BEGIN_ROUND1",""
"Host_AI_Begin_Round2","diag_ap_aiNotify_circleTimerStartRound2_01",0,"#HOST_AI","TEAM_MILITIA",false,"","Round 2 - Beginning Ring countdown.","BEGIN_ROUND2",""
"Host_AI_Begin_Round3","diag_ap_aiNotify_circleTimerStartRound3_01",0,"#HOST_AI","TEAM_MILITIA",false,"","Round 3 - Beginning Ring countdown.","BEGIN_ROUND3",""
"Host_AI_Begin_Round4","diag_ap_aiNotify_circleTimerStartRound4_01",0,"#HOST_AI","TEAM_MILITIA",false,"","Round 4 - Beginning Ring countdown.","BEGIN_ROUND4",""
"Host_AI_Begin_Round5","diag_ap_aiNotify_circleTimerStartRound5_01",0,"#HOST_AI","TEAM_MILITIA",false,"","Round 5 - Beginning Ring countdown.","BEGIN_ROUND5",""
"Host_AI_Begin_Round6","diag_ap_aiNotify_circleTimerStartRound6_01",0,"#HOST_AI","TEAM_MILITIA",false,"","Round 6 - Beginning Ring countdown.","BEGIN_ROUND6",""
"Host_AI_Begin_Round7","diag_ap_aiNotify_circleTimerStartRound7_01",0,"#HOST_AI","TEAM_MILITIA",false,"","Round 7 - Beginning Ring countdown.","BEGIN_ROUND7",""
"Host_AI_Begin_Round8","diag_ap_aiNotify_circleTimerStartRound8_01",0,"#HOST_AI","TEAM_MILITIA",false,"","Round 8 - Beginning Ring countdown.","BEGIN_ROUND8",""
"Host_AI_Begin_Round9","diag_ap_aiNotify_circleTimerStartRound9_01",0,"#HOST_AI","TEAM_MILITIA",false,"","Round 9 - Beginning Ring countdown.","BEGIN_ROUND9",""
"Host_AI_Begin_RoundFinal","diag_ap_aiNotify_circleTimerStartRoundFinal_01",0,"#HOST_AI","TEAM_MILITIA",false,"","Final Round - Beginning Ring countdown.","BEGIN_ROUND_FINAL",""
"","",0,"","",false,"","","",""
"Host_AI_Begin_Round2_Glitch1","diag_ap_aiNotify_circleTimerStartRound2_w1",0,"#HOST_AI","TEAM_MILITIA",false,"","Round 2 - Beginning Ring countdown.","",""
"Host_AI_Begin_Round2_Glitch2","diag_ap_aiNotify_circleTimerStartRound2_w2",0,"#HOST_AI","TEAM_MILITIA",false,"","Round 2 - Beginning Ring countdown.","",""
"Host_AI_Begin_Round2_Glitch3","diag_ap_aiNotify_circleTimerStartRound2_w3",0,"#HOST_AI","TEAM_MILITIA",false,"","Round 2 - Beginning Ring countdown.","",""
"Host_AI_Begin_Round2_Glitch1a","diag_ap_aiNotify_circleTimerStartRound2_w1a",0,"#HOST_AI","TEAM_MILITIA",false,"","","",""
"Host_AI_Begin_Round2_Glitch1b","diag_ap_aiNotify_circleTimerStartRound2_w1b",0,"#HOST_AI","TEAM_MILITIA",false,"","","",""
"Host_AI_Begin_Round2_Glitch1c","diag_ap_aiNotify_circleTimerStartRound2_w1c",0,"#HOST_AI","TEAM_MILITIA",false,"","","",""
"","",0,"","",false,"","","",""
"Host_AI_FirstBlood","diag_ap_aiNotify_diedFirst_01",0,"#HOST_AI","TEAM_MILITIA",false,"","Attention: First Blood","FIRST_BLOOD",""
"","",0,"","",false,"","","",""
"","",0,"","",false,"","","",""
"","",0,"","",false,"","","",""
"","",0,"","",false,"","","",""
"Host_Noc_CircleMoving_01_01","diag_ap_nocNotify_circleMoving_01_01_3p",20,"#HOST_NOC","TEAM_MILITIA",false,"","Warning: Circle closing.","CIRCLE_MOVING","Circle Moving"
"Host_Noc_CircleMoving_01_02","diag_ap_nocNotify_circleMoving_01_02_3p",20,"#HOST_NOC","TEAM_MILITIA",false,"","Warning: Circle closing.","CIRCLE_MOVING","Circle Moving"
"Host_Noc_CircleMoving_01_03","diag_ap_nocNotify_circleMoving_01_03_3p",20,"#HOST_NOC","TEAM_MILITIA",false,"","Warning: Circle closing.","CIRCLE_MOVING","Circle Moving"
"Host_Noc_CircleMoving_01_04","diag_ap_nocNotify_circleMoving_01_04_3p",20,"#HOST_NOC","TEAM_MILITIA",false,"","Warning: Circle closing.","CIRCLE_MOVING","Circle Moving"
"Host_Noc_CircleMoving_02_01","diag_ap_nocNotify_circleMoving_02_01_3p",20,"#HOST_NOC","TEAM_MILITIA",false,"","Warning: Circle closing.","CIRCLE_MOVING","Circle Moving"
"Host_Noc_CircleMoving_02_02","diag_ap_nocNotify_circleMoving_02_02_3p",20,"#HOST_NOC","TEAM_MILITIA",false,"","Warning: Circle closing.","CIRCLE_MOVING","Circle Moving"
"Host_Noc_CircleMoving_02_03","diag_ap_nocNotify_circleMoving_02_03_3p",20,"#HOST_NOC","TEAM_MILITIA",false,"","Warning: Circle closing.","CIRCLE_MOVING","Circle Moving"
"Host_Noc_CircleMoving_03_01","diag_ap_nocNotify_circleMoving_03_01_3p",20,"#HOST_NOC","TEAM_MILITIA",false,"","Warning: Circle closing.","CIRCLE_MOVING","Circle Moving"
"Host_Noc_CircleMoving_03_02","diag_ap_nocNotify_circleMoving_03_02_3p",20,"#HOST_NOC","TEAM_MILITIA",false,"","Warning: Circle closing.","CIRCLE_MOVING","Circle Moving"
"Host_Noc_CircleMoving_04_01","diag_ap_nocNotify_circleMoving_04_01_3p",20,"#HOST_NOC","TEAM_MILITIA",false,"","Warning: Circle closing.","CIRCLE_MOVING","Circle Moving"
"Host_Noc_CircleMoving_04_02","diag_ap_nocNotify_circleMoving_04_02_3p",20,"#HOST_NOC","TEAM_MILITIA",false,"","Warning: Circle closing.","CIRCLE_MOVING","Circle Moving"
"Host_Noc_CircleMoving_04_03","diag_ap_nocNotify_circleMoving_04_03_3p",20,"#HOST_NOC","TEAM_MILITIA",false,"","Warning: Circle closing.","CIRCLE_MOVING","Circle Moving"
"Host_Noc_CircleMoving_05_01","diag_ap_nocNotify_circleMoving_05_01_3p",20,"#HOST_NOC","TEAM_MILITIA",false,"","Warning: Circle closing.","CIRCLE_MOVING","Circle Moving"
"Host_Noc_CircleMoving_05_02","diag_ap_nocNotify_circleMoving_05_02_3p",20,"#HOST_NOC","TEAM_MILITIA",false,"","Warning: Circle closing.","CIRCLE_MOVING","Circle Moving"
"Host_Noc_FinalCircleMoving_01_01","diag_ap_nocNotify_circleMovingFinal_01_01_3p",20,"#HOST_NOC","TEAM_MILITIA",false,"","Warning: Final circle closing.","FINAL_CIRCLE_MOVING","Final Circle Moving"
"Host_Noc_FinalCircleMoving_01_02","diag_ap_nocNotify_circleMovingFinal_01_02_3p",20,"#HOST_NOC","TEAM_MILITIA",false,"","Warning: Final circle closing.","FINAL_CIRCLE_MOVING","Final Circle Moving"
"Host_Noc_FinalCircleMoving_02_01","diag_ap_nocNotify_circleMovingFinal_02_01_3p",20,"#HOST_NOC","TEAM_MILITIA",false,"","Warning: Final circle closing.","FINAL_CIRCLE_MOVING","Final Circle Moving"
"Host_Noc_FinalCircleMoving_02_02","diag_ap_nocNotify_circleMovingFinal_02_02_3p",20,"#HOST_NOC","TEAM_MILITIA",false,"","Warning: Final circle closing.","FINAL_CIRCLE_MOVING","Final Circle Moving"
"Host_Noc_FinalCircleMoving_02_03","diag_ap_nocNotify_circleMovingFinal_02_03_3p",20,"#HOST_NOC","TEAM_MILITIA",false,"","Warning: Final circle closing.","FINAL_CIRCLE_MOVING","Final Circle Moving"
"Host_Noc_FinalCircleMoving_03_01","diag_ap_nocNotify_circleMovingFinal_03_01_3p",20,"#HOST_NOC","TEAM_MILITIA",false,"","Warning: Final circle closing.","FINAL_CIRCLE_MOVING","Final Circle Moving"
"Host_Noc_FinalCircleMoving_03_02","diag_ap_nocNotify_circleMovingFinal_03_02_3p",20,"#HOST_NOC","TEAM_MILITIA",false,"","Warning: Final circle closing.","FINAL_CIRCLE_MOVING","Final Circle Moving"
"Host_Noc_FinalCircleMoving_03_03","diag_ap_nocNotify_circleMovingFinal_03_03_3p",20,"#HOST_NOC","TEAM_MILITIA",false,"","Warning: Final circle closing.","FINAL_CIRCLE_MOVING","Final Circle Moving"
"Host_Noc_FinalCircleMoving_03_04","diag_ap_nocNotify_circleMovingFinal_03_04_3p",20,"#HOST_NOC","TEAM_MILITIA",false,"","Warning: Final circle closing.","FINAL_CIRCLE_MOVING","Final Circle Moving"
"Host_Noc_FinalCircleMoving_04_01","diag_ap_nocNotify_circleMovingFinal_04_01_3p",20,"#HOST_NOC","TEAM_MILITIA",false,"","Warning: Final circle closing.","FINAL_CIRCLE_MOVING","Final Circle Moving"
"Host_Noc_FinalCircleMoving_04_02","diag_ap_nocNotify_circleMovingFinal_04_02_3p",20,"#HOST_NOC","TEAM_MILITIA",false,"","Warning: Final circle closing.","FINAL_CIRCLE_MOVING","Final Circle Moving"
"Host_Noc_FinalCircleMoving_04_03","diag_ap_nocNotify_circleMovingFinal_04_03_3p",20,"#HOST_NOC","TEAM_MILITIA",false,"","Warning: Final circle closing.","FINAL_CIRCLE_MOVING","Final Circle Moving"
"Host_Noc_CircleClosingToNothing_01_01","diag_ap_nocNotify_circleClosingFinal_01_01_3p",20,"#HOST_NOC","TEAM_MILITIA",false,"","Warning: Circle nearing completion.","CIRCLE_CLOSING_TO_NOTHING","Circle Closing To Nothing"
"Host_Noc_CircleClosingToNothing_01_02","diag_ap_nocNotify_circleClosingFinal_01_02_3p",20,"#HOST_NOC","TEAM_MILITIA",false,"","Warning: Circle nearing completion.","CIRCLE_CLOSING_TO_NOTHING","Circle Closing To Nothing"
"Host_Noc_CircleClosingToNothing_01_03","diag_ap_nocNotify_circleClosingFinal_01_03_3p",20,"#HOST_NOC","TEAM_MILITIA",false,"","Warning: Circle nearing completion.","CIRCLE_CLOSING_TO_NOTHING","Circle Closing To Nothing"
"Host_Noc_CircleClosingToNothing_01_04","diag_ap_nocNotify_circleClosingFinal_01_04_3p",20,"#HOST_NOC","TEAM_MILITIA",false,"","Warning: Circle nearing completion.","CIRCLE_CLOSING_TO_NOTHING","Circle Closing To Nothing"
"Host_Noc_CircleClosingToNothing_02_01","diag_ap_nocNotify_circleClosingFinal_02_01_3p",20,"#HOST_NOC","TEAM_MILITIA",false,"","Warning: Circle nearing completion.","CIRCLE_CLOSING_TO_NOTHING","Circle Closing To Nothing"
"Host_Noc_CircleClosingToNothing_02_02","diag_ap_nocNotify_circleClosingFinal_02_02_3p",20,"#HOST_NOC","TEAM_MILITIA",false,"","Warning: Circle nearing completion.","CIRCLE_CLOSING_TO_NOTHING","Circle Closing To Nothing"
"Host_Noc_CircleClosingToNothing_02_03","diag_ap_nocNotify_circleClosingFinal_02_03_3p",20,"#HOST_NOC","TEAM_MILITIA",false,"","Warning: Circle nearing completion.","CIRCLE_CLOSING_TO_NOTHING","Circle Closing To Nothing"
"Host_Noc_CarePackage_01_01","diag_ap_nocNotify_droppingCarePack_01_01_3p",10,"#HOST_NOC","TEAM_MILITIA",false,"","Care package being delivered.","CARE_PACKAGE_DROPPING","Care Package Dropping"
"Host_Noc_CarePackage_01_02","diag_ap_nocNotify_droppingCarePack_01_02_3p",10,"#HOST_NOC","TEAM_MILITIA",false,"","Care package being delivered.","CARE_PACKAGE_DROPPING","Care Package Dropping"
"Host_Noc_CarePackage_01_03","diag_ap_nocNotify_droppingCarePack_01_03_3p",10,"#HOST_NOC","TEAM_MILITIA",false,"","Care package being delivered.","CARE_PACKAGE_DROPPING","Care Package Dropping"
"Host_Noc_CarePackage_01_04","diag_ap_nocNotify_droppingCarePack_01_04_3p",10,"#HOST_NOC","TEAM_MILITIA",false,"","Care package being delivered.","CARE_PACKAGE_DROPPING","Care Package Dropping"
"Host_Noc_CarePackage_02_01","diag_ap_nocNotify_droppingCarePack_02_01_3p",10,"#HOST_NOC","TEAM_MILITIA",false,"","Care package being delivered.","CARE_PACKAGE_DROPPING","Care Package Dropping"
"Host_Noc_CarePackage_02_02","diag_ap_nocNotify_droppingCarePack_02_02_3p",10,"#HOST_NOC","TEAM_MILITIA",false,"","Care package being delivered.","CARE_PACKAGE_DROPPING","Care Package Dropping"
"Host_Noc_CarePackage_02_03","diag_ap_nocNotify_droppingCarePack_02_03_3p",10,"#HOST_NOC","TEAM_MILITIA",false,"","Care package being delivered.","CARE_PACKAGE_DROPPING","Care Package Dropping"
"Host_Noc_CarePackage_03_01","diag_ap_nocNotify_droppingCarePack_03_01_3p",10,"#HOST_NOC","TEAM_MILITIA",false,"","Care package being delivered.","CARE_PACKAGE_DROPPING","Care Package Dropping"
"Host_Noc_CarePackage_03_02","diag_ap_nocNotify_droppingCarePack_03_02_3p",10,"#HOST_NOC","TEAM_MILITIA",false,"","Care package being delivered.","CARE_PACKAGE_DROPPING","Care Package Dropping"
"Host_Noc_CarePackage_03_03","diag_ap_nocNotify_droppingCarePack_03_03_3p",10,"#HOST_NOC","TEAM_MILITIA",false,"","Care package being delivered.","CARE_PACKAGE_DROPPING","Care Package Dropping"
"Host_Noc_CarePackage_04_01","diag_ap_nocNotify_droppingCarePack_04_01_3p",10,"#HOST_NOC","TEAM_MILITIA",false,"","Care package being delivered.","CARE_PACKAGE_DROPPING","Care Package Dropping"
"Host_Noc_CarePackage_04_02","diag_ap_nocNotify_droppingCarePack_04_02_3p",10,"#HOST_NOC","TEAM_MILITIA",false,"","Care package being delivered.","CARE_PACKAGE_DROPPING","Care Package Dropping"
"Host_Noc_CarePackage_04_03","diag_ap_nocNotify_droppingCarePack_04_03_3p",10,"#HOST_NOC","TEAM_MILITIA",false,"","Care package being delivered.","CARE_PACKAGE_DROPPING","Care Package Dropping"
"Host_Noc_CarePackage_05_01","diag_ap_nocNotify_droppingCarePack_05_01_3p",10,"#HOST_NOC","TEAM_MILITIA",false,"","Care package being delivered.","CARE_PACKAGE_DROPPING","Care Package Dropping"
"Host_Noc_CarePackage_05_02","diag_ap_nocNotify_droppingCarePack_05_02_3p",10,"#HOST_NOC","TEAM_MILITIA",false,"","Care package being delivered.","CARE_PACKAGE_DROPPING","Care Package Dropping"
"Host_Noc_CarePackage_05_03","diag_ap_nocNotify_droppingCarePack_05_03_3p",10,"#HOST_NOC","TEAM_MILITIA",false,"","Care package being delivered.","CARE_PACKAGE_DROPPING","Care Package Dropping"
"Host_Noc_CarePackage_05_04","diag_ap_nocNotify_droppingCarePack_05_04_3p",10,"#HOST_NOC","TEAM_MILITIA",false,"","Care package being delivered.","CARE_PACKAGE_DROPPING","Care Package Dropping"
"Host_Noc_CarePackage_06_01","diag_ap_nocNotify_droppingCarePack_06_01_3p",10,"#HOST_NOC","TEAM_MILITIA",false,"","Care package being delivered.","CARE_PACKAGE_DROPPING","Care Package Dropping"
"Host_Noc_CarePackage_06_02","diag_ap_nocNotify_droppingCarePack_06_02_3p",10,"#HOST_NOC","TEAM_MILITIA",false,"","Care package being delivered.","CARE_PACKAGE_DROPPING","Care Package Dropping"
"Host_Noc_CarePackage_06_03","diag_ap_nocNotify_droppingCarePack_06_03_3p",10,"#HOST_NOC","TEAM_MILITIA",false,"","Care package being delivered.","CARE_PACKAGE_DROPPING","Care Package Dropping"
"Host_Noc_HoverTank_01_01","diag_ap_nocNotify_supplyShip_01_01_3p",20,"#HOST_NOC","TEAM_MILITIA",false,"","Sending a Supply Ship.","HOVER_TANK_INBOUND","Hover tanks flying in"
"Host_Noc_HoverTank_01_02","diag_ap_nocNotify_supplyShip_01_02_3p",20,"#HOST_NOC","TEAM_MILITIA",false,"","Sending a Supply Ship.","HOVER_TANK_INBOUND","Hover tanks flying in"
"Host_Noc_HoverTank_02_01","diag_ap_nocNotify_supplyShip_02_01_3p",20,"#HOST_NOC","TEAM_MILITIA",false,"","Sending a Supply Ship.","HOVER_TANK_INBOUND","Hover tanks flying in"
"Host_Noc_HoverTank_02_02","diag_ap_nocNotify_supplyShip_02_02_3p",20,"#HOST_NOC","TEAM_MILITIA",false,"","Sending a Supply Ship.","HOVER_TANK_INBOUND","Hover tanks flying in"
"Host_Noc_HoverTank_03_01","diag_ap_nocNotify_supplyShip_03_01_3p",20,"#HOST_NOC","TEAM_MILITIA",false,"","Sending a Supply Ship.","HOVER_TANK_INBOUND","Hover tanks flying in"
"Host_Noc_HoverTank_03_02","diag_ap_nocNotify_supplyShip_03_02_3p",20,"#HOST_NOC","TEAM_MILITIA",false,"","Sending a Supply Ship.","HOVER_TANK_INBOUND","Hover tanks flying in"
"Host_Noc_HoverTank_04_01","diag_ap_nocNotify_supplyShip_04_01_3p",20,"#HOST_NOC","TEAM_MILITIA",false,"","Sending a Supply Ship.","HOVER_TANK_INBOUND","Hover tanks flying in"
"Host_Noc_HoverTank_04_02","diag_ap_nocNotify_supplyShip_04_02_3p",20,"#HOST_NOC","TEAM_MILITIA",false,"","Sending a Supply Ship.","HOVER_TANK_INBOUND","Hover tanks flying in"
"Host_Noc_HoverTank_04_03","diag_ap_nocNotify_supplyShip_04_03_3p",20,"#HOST_NOC","TEAM_MILITIA",false,"","Sending a Supply Ship.","HOVER_TANK_INBOUND","Hover tanks flying in"
"Host_Noc_WinnerShadows_01_01","diag_ap_nocNotify_winnerDecided_01_01_3p",20,"#HOST_NOC","TEAM_MILITIA",false,"","A winner has been decided.","PRE_VICTORY_SHADOWS","Winner"
"Host_Noc_WinnerShadows_01_02","diag_ap_nocNotify_winnerDecided_01_02_3p",20,"#HOST_NOC","TEAM_MILITIA",false,"","A winner has been decided.","PRE_VICTORY_SHADOWS","Winner"
"Host_Noc_WinnerShadows_01_03","diag_ap_nocNotify_winnerDecided_01_03_3p",20,"#HOST_NOC","TEAM_MILITIA",false,"","A winner has been decided.","PRE_VICTORY_SHADOWS","Winner"
"Host_Noc_WinnerShadows_07_01","diag_ap_nocNotify_winnerDecided_07_01_3p",20,"#HOST_NOC","TEAM_MILITIA",false,"","A winner has been decided.","PRE_VICTORY_SHADOWS","Winner"
"Host_Noc_WinnerShadows_07_02","diag_ap_nocNotify_winnerDecided_07_02_3p",20,"#HOST_NOC","TEAM_MILITIA",false,"","A winner has been decided.","PRE_VICTORY_SHADOWS","Winner"
"Host_Noc_WinnerMultiLegends_02_01","diag_ap_nocNotify_winnerDecided_02_01_3p",20,"#HOST_NOC","TEAM_MILITIA",false,"","A winner has been decided.","PRE_VICTORY_LEGENDS_MULTIPLE","Winner"
"Host_Noc_WinnerMultiLegends_06_01","diag_ap_nocNotify_winnerDecided_06_01_3p",20,"#HOST_NOC","TEAM_MILITIA",false,"","A winner has been decided.","PRE_VICTORY_LEGENDS_MULTIPLE","Winner"
"Host_Noc_WinnerMultiLegends_06_02","diag_ap_nocNotify_winnerDecided_06_02_3p",20,"#HOST_NOC","TEAM_MILITIA",false,"","A winner has been decided.","PRE_VICTORY_LEGENDS_MULTIPLE","Winner"
"Host_Noc_WinnerMultiLegends_06_03","diag_ap_nocNotify_winnerDecided_06_03_3p",20,"#HOST_NOC","TEAM_MILITIA",false,"","A winner has been decided.","PRE_VICTORY_LEGENDS_MULTIPLE","Winner"
"Host_Noc_WinnerMultiLegends_07_01","diag_ap_nocNotify_winnerDecided_07_01_3p",20,"#HOST_NOC","TEAM_MILITIA",false,"","A winner has been decided.","PRE_VICTORY_LEGENDS_MULTIPLE","Winner"
"Host_Noc_WinnerMultiLegends_07_02","diag_ap_nocNotify_winnerDecided_07_02_3p",20,"#HOST_NOC","TEAM_MILITIA",false,"","A winner has been decided.","PRE_VICTORY_LEGENDS_MULTIPLE","Winner"
"Host_Noc_WinnerSingleLegend_03_01","diag_ap_nocNotify_winnerDecided_03_01_3p",20,"#HOST_NOC","TEAM_MILITIA",false,"","A winner has been decided.","PRE_VICTORY_LEGENDS_SINGLE","Winner"
"Host_Noc_WinnerSingleLegend_03_02","diag_ap_nocNotify_winnerDecided_03_02_3p",20,"#HOST_NOC","TEAM_MILITIA",false,"","A winner has been decided.","PRE_VICTORY_LEGENDS_SINGLE","Winner"
"Host_Noc_WinnerSingleLegend_04_01","diag_ap_nocNotify_winnerDecided_04_01_3p",20,"#HOST_NOC","TEAM_MILITIA",false,"","A winner has been decided.","PRE_VICTORY_LEGENDS_SINGLE","Winner"
"Host_Noc_WinnerSingleLegend_04_02","diag_ap_nocNotify_winnerDecided_04_02_3p",20,"#HOST_NOC","TEAM_MILITIA",false,"","A winner has been decided.","PRE_VICTORY_LEGENDS_SINGLE","Winner"
"Host_Noc_WinnerSingleLegend_05_01","diag_ap_nocNotify_winnerDecided_05_01_3p",20,"#HOST_NOC","TEAM_MILITIA",false,"","A winner has been decided.","PRE_VICTORY_LEGENDS_SINGLE","Winner"
"Host_Noc_WinnerSingleLegend_05_02","diag_ap_nocNotify_winnerDecided_05_02_3p",20,"#HOST_NOC","TEAM_MILITIA",false,"","A winner has been decided.","PRE_VICTORY_LEGENDS_SINGLE","Winner"
"Host_Noc_WinnerSingleLegend_05_03","diag_ap_nocNotify_winnerDecided_05_03_3p",20,"#HOST_NOC","TEAM_MILITIA",false,"","A winner has been decided.","PRE_VICTORY_LEGENDS_SINGLE","Winner"
"Host_Noc_Winner_01_01","diag_ap_nocNotify_winnerDecided_01_01_3p",20,"#HOST_NOC","TEAM_MILITIA",false,"","A winner has been decided.","WINNER","DP: Currently unused by shadow squad mode, left here in case we want to swap some out"
"Host_Noc_Winner_01_02","diag_ap_nocNotify_winnerDecided_01_02_3p",20,"#HOST_NOC","TEAM_MILITIA",false,"","A winner has been decided.","WINNER","DP: Currently unused by shadow squad mode, left here in case we want to swap some out"
"Host_Noc_Winner_01_03","diag_ap_nocNotify_winnerDecided_01_03_3p",20,"#HOST_NOC","TEAM_MILITIA",false,"","A winner has been decided.","WINNER","DP: Currently unused by shadow squad mode, left here in case we want to swap some out"
"Host_Noc_Winner_02_01","diag_ap_nocNotify_winnerDecided_02_01_3p",20,"#HOST_NOC","TEAM_MILITIA",false,"","A winner has been decided.","WINNER","DP: Currently unused by shadow squad mode, left here in case we want to swap some out"
"Host_Noc_Winner_03_01","diag_ap_nocNotify_winnerDecided_03_01_3p",20,"#HOST_NOC","TEAM_MILITIA",false,"","A winner has been decided.","WINNER","DP: Currently unused by shadow squad mode, left here in case we want to swap some out"
"Host_Noc_Winner_03_02","diag_ap_nocNotify_winnerDecided_03_02_3p",20,"#HOST_NOC","TEAM_MILITIA",false,"","A winner has been decided.","WINNER","DP: Currently unused by shadow squad mode, left here in case we want to swap some out"
"Host_Noc_Winner_04_01","diag_ap_nocNotify_winnerDecided_04_01_3p",20,"#HOST_NOC","TEAM_MILITIA",false,"","A winner has been decided.","WINNER","DP: Currently unused by shadow squad mode, left here in case we want to swap some out"
"Host_Noc_Winner_04_02","diag_ap_nocNotify_winnerDecided_04_02_3p",20,"#HOST_NOC","TEAM_MILITIA",false,"","A winner has been decided.","WINNER","DP: Currently unused by shadow squad mode, left here in case we want to swap some out"
"Host_Noc_Winner_05_01","diag_ap_nocNotify_winnerDecided_05_01_3p",20,"#HOST_NOC","TEAM_MILITIA",false,"","A winner has been decided.","WINNER","DP: Currently unused by shadow squad mode, left here in case we want to swap some out"
"Host_Noc_Winner_05_02","diag_ap_nocNotify_winnerDecided_05_02_3p",20,"#HOST_NOC","TEAM_MILITIA",false,"","A winner has been decided.","WINNER","DP: Currently unused by shadow squad mode, left here in case we want to swap some out"
"Host_Noc_Winner_05_03","diag_ap_nocNotify_winnerDecided_05_03_3p",20,"#HOST_NOC","TEAM_MILITIA",false,"","A winner has been decided.","WINNER","DP: Currently unused by shadow squad mode, left here in case we want to swap some out"
"Host_Noc_Winner_06_01","diag_ap_nocNotify_winnerDecided_06_01_3p",20,"#HOST_NOC","TEAM_MILITIA",false,"","A winner has been decided.","WINNER","DP: Currently unused by shadow squad mode, left here in case we want to swap some out"
"Host_Noc_Winner_06_02","diag_ap_nocNotify_winnerDecided_06_02_3p",20,"#HOST_NOC","TEAM_MILITIA",false,"","A winner has been decided.","WINNER","DP: Currently unused by shadow squad mode, left here in case we want to swap some out"
"Host_Noc_Winner_06_03","diag_ap_nocNotify_winnerDecided_06_03_3p",20,"#HOST_NOC","TEAM_MILITIA",false,"","A winner has been decided.","WINNER","DP: Currently unused by shadow squad mode, left here in case we want to swap some out"
"Host_Noc_Winner_07_01","diag_ap_nocNotify_winnerDecided_07_01_3p",20,"#HOST_NOC","TEAM_MILITIA",false,"","A winner has been decided.","WINNER","DP: Currently unused by shadow squad mode, left here in case we want to swap some out"
"Host_Noc_Winner_07_02","diag_ap_nocNotify_winnerDecided_07_02_3p",20,"#HOST_NOC","TEAM_MILITIA",false,"","A winner has been decided.","WINNER","DP: Currently unused by shadow squad mode, left here in case we want to swap some out"
"Host_Noc_Winner_08_01","diag_ap_nocNotify_winnerDecided_08_01_3p",20,"#HOST_NOC","TEAM_MILITIA",false,"","A winner has been decided.","WINNER","DP: Currently unused by shadow squad mode, left here in case we want to swap some out"
"Host_Noc_Winner_08_02","diag_ap_nocNotify_winnerDecided_08_02_3p",20,"#HOST_NOC","TEAM_MILITIA",false,"","A winner has been decided.","WINNER","DP: Currently unused by shadow squad mode, left here in case we want to swap some out"
"Host_Noc_ChampionEliminated_01_01","diag_ap_nocNotify_championEliminated_01_01_3p",10,"#HOST_NOC","TEAM_MILITIA",false,"","Champion eliminated.","CHAMPION_ELIMINATED","Champion Eliminated"
"Host_Noc_ChampionEliminated_01_02","diag_ap_nocNotify_championEliminated_01_02_3p",10,"#HOST_NOC","TEAM_MILITIA",false,"","Champion eliminated.","CHAMPION_ELIMINATED","Champion Eliminated"
"Host_Noc_ChampionEliminated_01_03","diag_ap_nocNotify_championEliminated_01_03_3p",10,"#HOST_NOC","TEAM_MILITIA",false,"","Champion eliminated.","CHAMPION_ELIMINATED","Champion Eliminated"
"Host_Noc_ChampionEliminated_02_01","diag_ap_nocNotify_championEliminated_02_01_3p",10,"#HOST_NOC","TEAM_MILITIA",false,"","Champion eliminated.","CHAMPION_ELIMINATED","Champion Eliminated"
"Host_Noc_ChampionEliminated_02_02","diag_ap_nocNotify_championEliminated_02_02_3p",10,"#HOST_NOC","TEAM_MILITIA",false,"","Champion eliminated.","CHAMPION_ELIMINATED","Champion Eliminated"
"Host_Noc_ChampionEliminated_03_01","diag_ap_nocNotify_championEliminated_03_01_3p",10,"#HOST_NOC","TEAM_MILITIA",false,"","Champion eliminated.","CHAMPION_ELIMINATED","Champion Eliminated"
"Host_Noc_ChampionEliminated_03_02","diag_ap_nocNotify_championEliminated_03_02_3p",10,"#HOST_NOC","TEAM_MILITIA",false,"","Champion eliminated.","CHAMPION_ELIMINATED","Champion Eliminated"
"Host_Noc_ChampionEliminated_03_03","diag_ap_nocNotify_championEliminated_03_03_3p",10,"#HOST_NOC","TEAM_MILITIA",false,"","Champion eliminated.","CHAMPION_ELIMINATED","Champion Eliminated"
"Host_Noc_ChampionEliminated_04_01","diag_ap_nocNotify_championEliminated_04_01_3p",10,"#HOST_NOC","TEAM_MILITIA",false,"","Champion eliminated.","CHAMPION_ELIMINATED","Champion Eliminated"
"Host_Noc_NewKillLeader_01_01","diag_ap_nocNotify_killLeaderNew_01_01_3p",10,"#HOST_NOC","TEAM_MILITIA",false,"","New Kill Leader appointed.","NEW_KILL_LEADER","New Kill Leader"
"Host_Noc_NewKillLeader_02_01","diag_ap_nocNotify_killLeaderNew_02_01_3p",10,"#HOST_NOC","TEAM_MILITIA",false,"","New Kill Leader appointed.","NEW_KILL_LEADER","New Kill Leader"
"Host_Noc_NewKillLeader_02_02","diag_ap_nocNotify_killLeaderNew_02_02_3p",10,"#HOST_NOC","TEAM_MILITIA",false,"","New Kill Leader appointed.","NEW_KILL_LEADER","New Kill Leader"
"Host_Noc_NewKillLeader_03_01","diag_ap_nocNotify_killLeaderNew_03_01_3p",10,"#HOST_NOC","TEAM_MILITIA",false,"","New Kill Leader appointed.","NEW_KILL_LEADER","New Kill Leader"
"Host_Noc_NewKillLeader_03_02","diag_ap_nocNotify_killLeaderNew_03_02_3p",10,"#HOST_NOC","TEAM_MILITIA",false,"","New Kill Leader appointed.","NEW_KILL_LEADER","New Kill Leader"
"Host_Noc_NewKillLeader_04_01","diag_ap_nocNotify_killLeaderNew_04_01_3p",10,"#HOST_NOC","TEAM_MILITIA",false,"","New Kill Leader appointed.","NEW_KILL_LEADER","New Kill Leader"
"Host_Noc_NewKillLeader_04_02","diag_ap_nocNotify_killLeaderNew_04_02_3p",10,"#HOST_NOC","TEAM_MILITIA",false,"","New Kill Leader appointed.","NEW_KILL_LEADER","New Kill Leader"
"Host_Noc_KillLeaderEliminated_01_01","diag_ap_nocNotify_killLeaderEliminated_01_01_3p",10,"#HOST_NOC","TEAM_MILITIA",false,"","Kill Leader eliminated.","KILL_LEADER_ELIMINATED","Kill Leader Eliminated"
"Host_Noc_KillLeaderEliminated_01_02","diag_ap_nocNotify_killLeaderEliminated_01_02_3p",10,"#HOST_NOC","TEAM_MILITIA",false,"","Kill Leader eliminated.","KILL_LEADER_ELIMINATED","Kill Leader Eliminated"
"Host_Noc_KillLeaderEliminated_01_03","diag_ap_nocNotify_killLeaderEliminated_01_03_3p",10,"#HOST_NOC","TEAM_MILITIA",false,"","Kill Leader eliminated.","KILL_LEADER_ELIMINATED","Kill Leader Eliminated"
"Host_Noc_KillLeaderEliminated_02_01","diag_ap_nocNotify_killLeaderEliminated_02_01_3p",10,"#HOST_NOC","TEAM_MILITIA",false,"","Kill Leader eliminated.","KILL_LEADER_ELIMINATED","Kill Leader Eliminated"
"Host_Noc_KillLeaderEliminated_02_02","diag_ap_nocNotify_killLeaderEliminated_02_02_3p",10,"#HOST_NOC","TEAM_MILITIA",false,"","Kill Leader eliminated.","KILL_LEADER_ELIMINATED","Kill Leader Eliminated"
"","",0,"","",false,"","","",""
"Host_Noc_Begin_Round1_01_01","diag_ap_nocNotify_circleTimerStartRound1_01_01_3p",20,"#HOST_NOC","TEAM_MILITIA",false,"","Round 1 - Beginning Ring countdown.","BEGIN_ROUND1",""
"Host_Noc_Begin_Round1_01_02","diag_ap_nocNotify_circleTimerStartRound1_01_02_3p",20,"#HOST_NOC","TEAM_MILITIA",false,"","Round 1 - Beginning Ring countdown.","BEGIN_ROUND1",""
"Host_Noc_Begin_Round2_01_01","diag_ap_nocNotify_circleTimerStartRound2_01_01_3p",20,"#HOST_NOC","TEAM_MILITIA",false,"","Round 2 - Beginning Ring countdown.","BEGIN_ROUND2",""
"Host_Noc_Begin_Round2_01_02","diag_ap_nocNotify_circleTimerStartRound2_01_02_3p",20,"#HOST_NOC","TEAM_MILITIA",false,"","Round 2 - Beginning Ring countdown.","BEGIN_ROUND2",""
"Host_Noc_Begin_Round3_01_01","diag_ap_nocNotify_circleTimerStartRound3_01_01_3p",20,"#HOST_NOC","TEAM_MILITIA",false,"","Round 3 - Beginning Ring countdown.","BEGIN_ROUND3","JNEL: round buckets are not implemented"
"Host_Noc_Begin_Round3_01_02","diag_ap_nocNotify_circleTimerStartRound3_01_02_3p",20,"#HOST_NOC","TEAM_MILITIA",false,"","Round 3 - Beginning Ring countdown.","BEGIN_ROUND3","JNEL: round buckets are not implemented"
"Host_Noc_Begin_Round4_01_01","diag_ap_nocNotify_circleTimerStartRound4_01_01_3p",20,"#HOST_NOC","TEAM_MILITIA",false,"","Round 4 - Beginning Ring countdown.","BEGIN_ROUND4","JNEL: round buckets are not implemented"
"Host_Noc_Begin_Round4_01_02","diag_ap_nocNotify_circleTimerStartRound4_01_02_3p",20,"#HOST_NOC","TEAM_MILITIA",false,"","Round 4 - Beginning Ring countdown.","BEGIN_ROUND4","JNEL: round buckets are not implemented"
"Host_Noc_Begin_Round4_01_03","diag_ap_nocNotify_circleTimerStartRound4_01_03_3p",20,"#HOST_NOC","TEAM_MILITIA",false,"","Round 4 - Beginning Ring countdown.","BEGIN_ROUND4","JNEL: round buckets are not implemented"
"Host_Noc_Begin_Round4_01_04","diag_ap_nocNotify_circleTimerStartRound4_01_04_3p",20,"#HOST_NOC","TEAM_MILITIA",false,"","Round 4 - Beginning Ring countdown.","BEGIN_ROUND4","JNEL: round buckets are not implemented"
"Host_Noc_Begin_Round5_01_01","diag_ap_nocNotify_circleTimerStartRound5_01_01_3p",20,"#HOST_NOC","TEAM_MILITIA",false,"","Round 5 - Beginning Ring countdown.","BEGIN_ROUND5","JNEL: round buckets are not implemented"
"Host_Noc_Begin_Round5_01_02","diag_ap_nocNotify_circleTimerStartRound5_01_02_3p",20,"#HOST_NOC","TEAM_MILITIA",false,"","Round 5 - Beginning Ring countdown.","BEGIN_ROUND5","JNEL: round buckets are not implemented"
"Host_Noc_Begin_Round5_01_03","diag_ap_nocNotify_circleTimerStartRound5_01_03_3p",20,"#HOST_NOC","TEAM_MILITIA",false,"","Round 5 - Beginning Ring countdown.","BEGIN_ROUND5","JNEL: round buckets are not implemented"
"Host_Noc_Begin_Round6_01_01","diag_ap_nocNotify_circleTimerStartRound6_01_01_3p",20,"#HOST_NOC","TEAM_MILITIA",false,"","Round 6 - Beginning Ring countdown.","BEGIN_ROUND6","JNEL: round buckets are not implemented"
"Host_Noc_Begin_Round7_01_01","diag_ap_nocNotify_circleTimerStartRound7_01_01_3p",20,"#HOST_NOC","TEAM_MILITIA",false,"","Round 7 - Beginning Ring countdown.","BEGIN_ROUND7","JNEL: round buckets are not implemented"
"Host_Noc_Begin_Round7_01_02","diag_ap_nocNotify_circleTimerStartRound7_01_02_3p",20,"#HOST_NOC","TEAM_MILITIA",false,"","Round 7 - Beginning Ring countdown.","BEGIN_ROUND7","JNEL: round buckets are not implemented"
"Host_Noc_Begin_Round7_01_03","diag_ap_nocNotify_circleTimerStartRound7_01_03_3p",20,"#HOST_NOC","TEAM_MILITIA",false,"","Round 7 - Beginning Ring countdown.","BEGIN_ROUND7","JNEL: round buckets are not implemented"
"Host_Noc_Begin_Round8_01_01","diag_ap_nocNotify_circleTimerStartRound8_01_01_3p",20,"#HOST_NOC","TEAM_MILITIA",false,"","Round 8 - Beginning Ring countdown.","BEGIN_ROUND8","JNEL: round buckets are not implemented"
"Host_Noc_Begin_Round8_01_02","diag_ap_nocNotify_circleTimerStartRound8_01_02_3p",20,"#HOST_NOC","TEAM_MILITIA",false,"","Round 8 - Beginning Ring countdown.","BEGIN_ROUND8","JNEL: round buckets are not implemented"
"Host_Noc_Begin_Round9_01_01","diag_ap_nocNotify_circleTimerStartRound9_01_01_3p",20,"#HOST_NOC","TEAM_MILITIA",false,"","Round 9 - Beginning Ring countdown.","BEGIN_ROUND9","JNEL: round buckets are not implemented"
"Host_Noc_Begin_Round9_01_02","diag_ap_nocNotify_circleTimerStartRound9_01_02_3p",20,"#HOST_NOC","TEAM_MILITIA",false,"","Round 9 - Beginning Ring countdown.","BEGIN_ROUND9","JNEL: round buckets are not implemented"
"Host_Noc_Begin_RoundFinal_01_01","diag_ap_nocNotify_circleTimerStartRoundFinal_01_01_3p",20,"#HOST_NOC","TEAM_MILITIA",false,"","Final Round - Beginning Ring countdown.","BEGIN_ROUND_FINAL","JNEL: round buckets are not implemented"
"Host_Noc_Begin_RoundFinal_01_02","diag_ap_nocNotify_circleTimerStartRoundFinal_01_02_3p",20,"#HOST_NOC","TEAM_MILITIA",false,"","Final Round - Beginning Ring countdown.","BEGIN_ROUND_FINAL","JNEL: round buckets are not implemented"
"Host_Noc_Begin_RoundFinal_01_03","diag_ap_nocNotify_circleTimerStartRoundFinal_01_03_3p",20,"#HOST_NOC","TEAM_MILITIA",false,"","Final Round - Beginning Ring countdown.","BEGIN_ROUND_FINAL","JNEL: round buckets are not implemented"
"","",0,"","",false,"","","",""
"Host_Noc_FirstBlood_01_01","diag_ap_nocNotify_diedFirst_01_01_3p",10,"#HOST_NOC","TEAM_MILITIA",false,"","Attention: First Blood","FIRST_BLOOD",""
"Host_Noc_FirstBlood_01_02","diag_ap_nocNotify_diedFirst_01_02_3p",10,"#HOST_NOC","TEAM_MILITIA",false,"","Attention: First Blood","FIRST_BLOOD",""
"Host_Noc_FirstBlood_01_03","diag_ap_nocNotify_diedFirst_01_03_3p",10,"#HOST_NOC","TEAM_MILITIA",false,"","Attention: First Blood","FIRST_BLOOD",""
"Host_Noc_FirstBlood_02_01","diag_ap_nocNotify_diedFirst_02_01_3p",10,"#HOST_NOC","TEAM_MILITIA",false,"","Attention: First Blood","FIRST_BLOOD",""
"Host_Noc_FirstBlood_02_02","diag_ap_nocNotify_diedFirst_02_02_3p",10,"#HOST_NOC","TEAM_MILITIA",false,"","Attention: First Blood","FIRST_BLOOD",""
"Host_Noc_FirstBlood_03_01","diag_ap_nocNotify_diedFirst_03_01_3p",10,"#HOST_NOC","TEAM_MILITIA",false,"","Attention: First Blood","FIRST_BLOOD",""
"Host_Noc_FirstBlood_03_02","diag_ap_nocNotify_diedFirst_03_02_3p",10,"#HOST_NOC","TEAM_MILITIA",false,"","Attention: First Blood","FIRST_BLOOD",""
"Host_Noc_FirstBlood_04_01","diag_ap_nocNotify_diedFirst_04_01_3p",10,"#HOST_NOC","TEAM_MILITIA",false,"","Attention: First Blood","FIRST_BLOOD",""
"Host_Noc_FirstBlood_04_02","diag_ap_nocNotify_diedFirst_04_02_3p",10,"#HOST_NOC","TEAM_MILITIA",false,"","Attention: First Blood","FIRST_BLOOD",""
"Host_Noc_legendWin_01","diag_ap_nocNotify_legendWin_01_3p",20,"#HOST_NOC","TEAM_MILITIA",false,"","Victory for a Solo Legend.","VICTORY_LEGEND_SOLO","JNEL: New Bucket for Noc; this is a multi variation vo event!"
"Host_Noc_legendWin_02","diag_ap_nocNotify_legendWin_02_3p",20,"#HOST_NOC","TEAM_MILITIA",false,"","Victory for a Solo Legend.","VICTORY_LEGEND_SOLO","JNEL: New Bucket for Noc; this is a multi variation vo event!"
"Host_Noc_legendWin_03","diag_ap_nocNotify_legendWin_03_3p",20,"#HOST_NOC","TEAM_MILITIA",false,"","Victory for a Solo Legend.","VICTORY_LEGEND_SOLO","JNEL: New Bucket for Noc; this is a multi variation vo event!"
"Host_Noc_shadowSquadWin_01","diag_ap_nocNotify_shadowSquadWin_01_3p",20,"#HOST_NOC","TEAM_MILITIA",false,"","Victory for Shadow Squad.","VICTORY_SHADOWSQUAD","JNEL: New Bucket for Noc; this is a multi variation vo event!"
"Host_Noc_shadowSquadWin_02","diag_ap_nocNotify_shadowSquadWin_02_3p",20,"#HOST_NOC","TEAM_MILITIA",false,"","Victory for Shadow Squad.","VICTORY_SHADOWSQUAD","JNEL: New Bucket for Noc; this is a multi variation vo event!"
"Host_Noc_shadowSquadWin_03","diag_ap_nocNotify_shadowSquadWin_03_3p",20,"#HOST_NOC","TEAM_MILITIA",false,"","Victory for Shadow Squad.","VICTORY_SHADOWSQUAD","JNEL: New Bucket for Noc; this is a multi variation vo event!"
"Host_Noc_victorySolo_01","diag_ap_nocNotify_victorySolo_01_3p",20,"#HOST_NOC","TEAM_MILITIA",false,"","You are the Apex Champion.","VICTORY_APEX_CHAMP_SOLO","JNEL: New Bucket for Noc; this is a multi variation vo event!"
"Host_Noc_victorySolo_02","diag_ap_nocNotify_victorySolo_02_3p",20,"#HOST_NOC","TEAM_MILITIA",false,"","You are the Apex Champion.","VICTORY_APEX_CHAMP_SOLO","JNEL: New Bucket for Noc; this is a multi variation vo event!"
"Host_Noc_victorySolo_03","diag_ap_nocNotify_victorySolo_03_3p",20,"#HOST_NOC","TEAM_MILITIA",false,"","You are the Apex Champion.","VICTORY_APEX_CHAMP_SOLO","JNEL: New Bucket for Noc; this is a multi variation vo event!"
"Host_Noc_victorySolo_04","diag_ap_nocNotify_victorySolo_04_3p",20,"#HOST_NOC","TEAM_MILITIA",false,"","You are the Apex Champion.","VICTORY_APEX_CHAMP_SOLO","JNEL: New Bucket for Noc; this is a multi variation vo event!"
"Host_Noc_victorySolo_05","diag_ap_nocNotify_victorySolo_05_3p",20,"#HOST_NOC","TEAM_MILITIA",false,"","You are the Apex Champion.","VICTORY_APEX_CHAMP_SOLO","JNEL: New Bucket for Noc; this is a multi variation vo event!"
"Host_Noc_victorySquad_01","diag_ap_nocNotify_victorySquad_01_3p",20,"#HOST_NOC","TEAM_MILITIA",false,"","Congratulations Apex Champion Squad.","VICTORY_APEX_CHAMP_SQUAD","JNEL: New Bucket for Noc; this is a multi variation vo event!"
"Host_Noc_victorySquad_02","diag_ap_nocNotify_victorySquad_02_3p",20,"#HOST_NOC","TEAM_MILITIA",false,"","Congratulations Apex Champion Squad.","VICTORY_APEX_CHAMP_SQUAD","JNEL: New Bucket for Noc; this is a multi variation vo event!"
"Host_Noc_victorySquad_03","diag_ap_nocNotify_victorySquad_03_3p",20,"#HOST_NOC","TEAM_MILITIA",false,"","Congratulations Apex Champion Squad.","VICTORY_APEX_CHAMP_SQUAD","JNEL: New Bucket for Noc; this is a multi variation vo event!"
"Host_Noc_victorySquad_04","diag_ap_nocNotify_victorySquad_04_3p",20,"#HOST_NOC","TEAM_MILITIA",false,"","Congratulations Apex Champion Squad.","VICTORY_APEX_CHAMP_SQUAD","JNEL: New Bucket for Noc; this is a multi variation vo event!"
"Host_Noc_shadowPlayerRespawn_01_01","diag_ap_nocNotify_playerBecomesShadowSquad_01_01_3p",10,"#HOST_NOC","TEAM_MILITIA",false,"","You've returned as a Shadow.","SHADOW_PLAYER_RESPAWN","JNEL: New Bucket for Noc"
"Host_Noc_shadowPlayerRespawn_01_02","diag_ap_nocNotify_playerBecomesShadowSquad_01_02_3p",10,"#HOST_NOC","TEAM_MILITIA",false,"","You've returned as a Shadow.","SHADOW_PLAYER_RESPAWN","JNEL: New Bucket for Noc"
"Host_Noc_shadowPlayerRespawn_01_03","diag_ap_nocNotify_playerBecomesShadowSquad_01_03_3p",10,"#HOST_NOC","TEAM_MILITIA",false,"","You've returned as a Shadow.","SHADOW_PLAYER_RESPAWN","JNEL: New Bucket for Noc"
"Host_Noc_shadowPlayerRespawn_02_01","diag_ap_nocNotify_playerBecomesShadowSquad_02_01_3p",10,"#HOST_NOC","TEAM_MILITIA",false,"","You've returned as a Shadow.","SHADOW_PLAYER_RESPAWN","JNEL: New Bucket for Noc"
"Host_Noc_shadowPlayerRespawn_02_02","diag_ap_nocNotify_playerBecomesShadowSquad_02_02_3p",10,"#HOST_NOC","TEAM_MILITIA",false,"","You've returned as a Shadow.","SHADOW_PLAYER_RESPAWN","JNEL: New Bucket for Noc"
"Host_Noc_shadowPlayerRespawn_02_03","diag_ap_nocNotify_playerBecomesShadowSquad_02_03_3p",10,"#HOST_NOC","TEAM_MILITIA",false,"","You've returned as a Shadow.","SHADOW_PLAYER_RESPAWN","JNEL: New Bucket for Noc"
"Host_Noc_shadowPlayerRespawn_03_01","diag_ap_nocNotify_playerBecomesShadowSquad_03_01_3p",10,"#HOST_NOC","TEAM_MILITIA",false,"","You've returned as a Shadow.","SHADOW_PLAYER_RESPAWN","JNEL: New Bucket for Noc"
"Host_Noc_shadowPlayerRespawn_03_02","diag_ap_nocNotify_playerBecomesShadowSquad_03_02_3p",10,"#HOST_NOC","TEAM_MILITIA",false,"","You've returned as a Shadow.","SHADOW_PLAYER_RESPAWN","JNEL: New Bucket for Noc"
"Host_Noc_shadowPlayerRespawn_04_01","diag_ap_nocNotify_playerBecomesShadowSquad_04_01_3p",10,"#HOST_NOC","TEAM_MILITIA",false,"","You've returned as a Shadow.","SHADOW_PLAYER_RESPAWN","JNEL: New Bucket for Noc"
"Host_Noc_shadowPlayerRespawn_04_02","diag_ap_nocNotify_playerBecomesShadowSquad_04_02_3p",10,"#HOST_NOC","TEAM_MILITIA",false,"","You've returned as a Shadow.","SHADOW_PLAYER_RESPAWN","JNEL: New Bucket for Noc"
"Host_Noc_shadowPlayerRespawn_05_01","diag_ap_nocNotify_playerBecomesShadowSquad_05_01_3p",10,"#HOST_NOC","TEAM_MILITIA",false,"","You've returned as a Shadow.","SHADOW_PLAYER_RESPAWN","JNEL: New Bucket for Noc"
"Host_Noc_shadowPlayerRespawn_05_02","diag_ap_nocNotify_playerBecomesShadowSquad_05_02_3p",10,"#HOST_NOC","TEAM_MILITIA",false,"","You've returned as a Shadow.","SHADOW_PLAYER_RESPAWN","JNEL: New Bucket for Noc"
"Host_Noc_shadowPlayerRespawn_06_01","diag_ap_nocNotify_playerBecomesShadowSquad_06_01_3p",10,"#HOST_NOC","TEAM_MILITIA",false,"","You've returned as a Shadow.","SHADOW_PLAYER_RESPAWN","JNEL: New Bucket for Noc"
"Host_Noc_shadowPlayerRespawn_06_02","diag_ap_nocNotify_playerBecomesShadowSquad_06_02_3p",10,"#HOST_NOC","TEAM_MILITIA",false,"","You've returned as a Shadow.","SHADOW_PLAYER_RESPAWN","JNEL: New Bucket for Noc"
"Host_Noc_shadowPlayerRespawn_07_01","diag_ap_nocNotify_playerBecomesShadowSquad_07_01_3p",10,"#HOST_NOC","TEAM_MILITIA",false,"","You've returned as a Shadow.","SHADOW_PLAYER_RESPAWN","JNEL: New Bucket for Noc"
"Host_Noc_shadowPlayerRespawn_07_02","diag_ap_nocNotify_playerBecomesShadowSquad_07_02_3p",10,"#HOST_NOC","TEAM_MILITIA",false,"","You've returned as a Shadow.","SHADOW_PLAYER_RESPAWN","JNEL: New Bucket for Noc"
"Host_Noc_shadowPlayerRespawn_07_03","diag_ap_nocNotify_playerBecomesShadowSquad_07_03_3p",10,"#HOST_NOC","TEAM_MILITIA",false,"","You've returned as a Shadow.","SHADOW_PLAYER_RESPAWN","JNEL: New Bucket for Noc"
"Host_Noc_shadowPlayerRespawn_08_01","diag_ap_nocNotify_playerBecomesShadowSquad_08_01_3p",10,"#HOST_NOC","TEAM_MILITIA",false,"","You've returned as a Shadow.","SHADOW_PLAYER_RESPAWN","JNEL: New Bucket for Noc"
"Host_Noc_shadowPlayerRespawn_08_02","diag_ap_nocNotify_playerBecomesShadowSquad_08_02_3p",10,"#HOST_NOC","TEAM_MILITIA",false,"","You've returned as a Shadow.","SHADOW_PLAYER_RESPAWN","JNEL: New Bucket for Noc"
"Host_Noc_shadowPlayerRespawn_08_03","diag_ap_nocNotify_playerBecomesShadowSquad_08_03_3p",10,"#HOST_NOC","TEAM_MILITIA",false,"","You've returned as a Shadow.","SHADOW_PLAYER_RESPAWN","JNEL: New Bucket for Noc"
"Host_Noc_shadowPlayerDeathFinal_01_01","diag_ap_nocNotify_playerDeathFinal_01_01_3p",10,"#HOST_NOC","TEAM_MILITIA",false,"","The Shadows are done with you.","SHADOW_PLAYER_DEATH_FINAL","JNEL: New Bucket for Noc"
"Host_Noc_shadowPlayerDeathFinal_01_02","diag_ap_nocNotify_playerDeathFinal_01_02_3p",10,"#HOST_NOC","TEAM_MILITIA",false,"","The Shadows are done with you.","SHADOW_PLAYER_DEATH_FINAL","JNEL: New Bucket for Noc"
"Host_Noc_shadowPlayerDeathFinal_01_03","diag_ap_nocNotify_playerDeathFinal_01_03_3p",10,"#HOST_NOC","TEAM_MILITIA",false,"","The Shadows are done with you.","SHADOW_PLAYER_DEATH_FINAL","JNEL: New Bucket for Noc"
"Host_Noc_shadowPlayerDeathFinal_02_01","diag_ap_nocNotify_playerDeathFinal_02_01_3p",10,"#HOST_NOC","TEAM_MILITIA",false,"","The Shadows are done with you.","SHADOW_PLAYER_DEATH_FINAL","JNEL: New Bucket for Noc"
"Host_Noc_shadowPlayerDeathFinal_02_02","diag_ap_nocNotify_playerDeathFinal_02_02_3p",10,"#HOST_NOC","TEAM_MILITIA",false,"","The Shadows are done with you.","SHADOW_PLAYER_DEATH_FINAL","JNEL: New Bucket for Noc"
"Host_Noc_shadowPlayerDeathFinal_03_01","diag_ap_nocNotify_playerDeathFinal_03_01_3p",10,"#HOST_NOC","TEAM_MILITIA",false,"","The Shadows are done with you.","SHADOW_PLAYER_DEATH_FINAL","JNEL: New Bucket for Noc"
"Host_Noc_shadowPlayerDeathFinal_03_02","diag_ap_nocNotify_playerDeathFinal_03_02_3p",10,"#HOST_NOC","TEAM_MILITIA",false,"","The Shadows are done with you.","SHADOW_PLAYER_DEATH_FINAL","JNEL: New Bucket for Noc"
"Host_Noc_shadowsPlayerJoin_01_01","diag_ap_nocNotify_playerDeathFirst_01_01_3p",10,"#HOST_NOC","TEAM_MILITIA",false,"","You joined the Shadow Squad. Kill the Legends.","SHADOWS_PLAYER_JOIN","JNEL: New Bucket for Noc"
"Host_Noc_shadowsPlayerJoin_01_02","diag_ap_nocNotify_playerDeathFirst_01_02_3p",10,"#HOST_NOC","TEAM_MILITIA",false,"","You joined the Shadow Squad. Kill the Legends.","SHADOWS_PLAYER_JOIN","JNEL: New Bucket for Noc"
"Host_Noc_shadowsPlayerJoin_01_03","diag_ap_nocNotify_playerDeathFirst_01_03_3p",10,"#HOST_NOC","TEAM_MILITIA",false,"","You joined the Shadow Squad. Kill the Legends.","SHADOWS_PLAYER_JOIN","JNEL: New Bucket for Noc"
"Host_Noc_shadowsPlayerJoin_02_01","diag_ap_nocNotify_playerDeathFirst_02_01_3p",10,"#HOST_NOC","TEAM_MILITIA",false,"","You joined the Shadow Squad. Kill the Legends.","SHADOWS_PLAYER_JOIN","JNEL: New Bucket for Noc"
"Host_Noc_shadowsPlayerJoin_02_02","diag_ap_nocNotify_playerDeathFirst_02_02_3p",10,"#HOST_NOC","TEAM_MILITIA",false,"","You joined the Shadow Squad. Kill the Legends.","SHADOWS_PLAYER_JOIN","JNEL: New Bucket for Noc"
"Host_Noc_shadowsPlayerJoin_03_01","diag_ap_nocNotify_playerDeathFirst_03_01_3p",10,"#HOST_NOC","TEAM_MILITIA",false,"","You joined the Shadow Squad. Kill the Legends.","SHADOWS_PLAYER_JOIN","JNEL: New Bucket for Noc"
"Host_Noc_shadowsPlayerJoin_03_02","diag_ap_nocNotify_playerDeathFirst_03_02_3p",10,"#HOST_NOC","TEAM_MILITIA",false,"","You joined the Shadow Squad. Kill the Legends.","SHADOWS_PLAYER_JOIN","JNEL: New Bucket for Noc"
"Host_Noc_shadowSquadGrow_01_01","diag_ap_nocNotify_shadowSquadGrow_01_01_3p",10,"#HOST_NOC","TEAM_MILITIA",false,"","More Shadows join my ranks.","SHADOWSQUAD_GROW","JNEL: New Bucket for Noc"
"Host_Noc_shadowSquadGrow_01_02","diag_ap_nocNotify_shadowSquadGrow_01_02_3p",10,"#HOST_NOC","TEAM_MILITIA",false,"","More Shadows join my ranks.","SHADOWSQUAD_GROW","JNEL: New Bucket for Noc"
"Host_Noc_shadowSquadGrow_01_03","diag_ap_nocNotify_shadowSquadGrow_01_03_3p",10,"#HOST_NOC","TEAM_MILITIA",false,"","More Shadows join my ranks.","SHADOWSQUAD_GROW","JNEL: New Bucket for Noc"
"Host_Noc_shadowSquadGrow_02_01","diag_ap_nocNotify_shadowSquadGrow_02_01_3p",10,"#HOST_NOC","TEAM_MILITIA",false,"","More Shadows join my ranks.","SHADOWSQUAD_GROW","JNEL: New Bucket for Noc"
"Host_Noc_shadowSquadGrow_02_02","diag_ap_nocNotify_shadowSquadGrow_02_02_3p",10,"#HOST_NOC","TEAM_MILITIA",false,"","More Shadows join my ranks.","SHADOWSQUAD_GROW","JNEL: New Bucket for Noc"
"Host_Noc_shadowSquadGrow_03_01","diag_ap_nocNotify_shadowSquadGrow_03_01_3p",10,"#HOST_NOC","TEAM_MILITIA",false,"","More Shadows join my ranks.","SHADOWSQUAD_GROW","JNEL: New Bucket for Noc"
"Host_Noc_shadowSquadGrow_03_02","diag_ap_nocNotify_shadowSquadGrow_03_02_3p",10,"#HOST_NOC","TEAM_MILITIA",false,"","More Shadows join my ranks.","SHADOWSQUAD_GROW","JNEL: New Bucket for Noc"
"Host_Noc_shadowSquadGrow_03_03","diag_ap_nocNotify_shadowSquadGrow_03_03_3p",10,"#HOST_NOC","TEAM_MILITIA",false,"","More Shadows join my ranks.","SHADOWSQUAD_GROW","JNEL: New Bucket for Noc"
"Host_Noc_shadowSquadSpawns_01_01","diag_ap_nocNotify_shadowSquadSpawns_01_01_3p",10,"#HOST_NOC","TEAM_MILITIA",false,"","A Shadow Squad is spawning now.","EVAC_SHIP_INCOMING","JNEL: New Bucket for Noc"
"Host_Noc_shadowSquadSpawns_01_02","diag_ap_nocNotify_shadowSquadSpawns_01_02_3p",10,"#HOST_NOC","TEAM_MILITIA",false,"","A Shadow Squad is spawning now.","EVAC_SHIP_INCOMING","JNEL: New Bucket for Noc"
"Host_Noc_shadowSquadSpawns_02_01","diag_ap_nocNotify_shadowSquadSpawns_02_01_3p",10,"#HOST_NOC","TEAM_MILITIA",false,"","A Shadow Squad is spawning now.","SHADOWSQUAD_SPAWNS","JNEL: New Bucket for Noc"
"Host_Noc_shadowSquadSpawns_02_02","diag_ap_nocNotify_shadowSquadSpawns_02_02_3p",10,"#HOST_NOC","TEAM_MILITIA",false,"","A Shadow Squad is spawning now.","SHADOWSQUAD_GROW","JNEL: New Bucket for Noc"
"Host_Noc_shadowSquadSpawns_03_01","diag_ap_nocNotify_shadowSquadSpawns_03_01_3p",10,"#HOST_NOC","TEAM_MILITIA",false,"","A Shadow Squad is spawning now.","SHADOWSQUAD_SPAWNS","JNEL: New Bucket for Noc"
"Host_Noc_shadowSquadSpawns_03_02","diag_ap_nocNotify_shadowSquadSpawns_03_02_3p",10,"#HOST_NOC","TEAM_MILITIA",false,"","A Shadow Squad is spawning now.","SHADOWSQUAD_GROW","JNEL: New Bucket for Noc"
"Host_Noc_shadowSquadSpawns_03_03","diag_ap_nocNotify_shadowSquadSpawns_03_03_3p",10,"#HOST_NOC","TEAM_MILITIA",false,"","A Shadow Squad is spawning now.","SHADOWSQUAD_SPAWNS","JNEL: New Bucket for Noc"
"Host_Noc_skydiveTaunt_01_01","diag_ap_nocNotify_skydiveTaunt_01_01_3p",10,"#HOST_NOC","TEAM_MILITIA",false,"","In my Games, you will fear the Shadows.","","JNEL: New Bucket for Noc"
"Host_Noc_skydiveTaunt_01_02","diag_ap_nocNotify_skydiveTaunt_01_02_3p",10,"#HOST_NOC","TEAM_MILITIA",false,"","In my Games, you will fear the Shadows.","","JNEL: New Bucket for Noc"
"Host_Noc_skydiveTaunt_02_01","diag_ap_nocNotify_skydiveTaunt_02_01_3p",10,"#HOST_NOC","TEAM_MILITIA",false,"","In my Games, you will fear the Shadows.","","JNEL: New Bucket for Noc"
"Host_Noc_skydiveTaunt_02_02","diag_ap_nocNotify_skydiveTaunt_02_02_3p",10,"#HOST_NOC","TEAM_MILITIA",false,"","In my Games, you will fear the Shadows.","","JNEL: New Bucket for Noc"
"Host_Noc_skydiveTaunt_03_01","diag_ap_nocNotify_skydiveTaunt_03_01_3p",10,"#HOST_NOC","TEAM_MILITIA",false,"","In my Games, you will fear the Shadows.","SKYDIVE_TAUNT","JNEL: New Bucket for Noc"
"Host_Noc_skydiveTaunt_03_02","diag_ap_nocNotify_skydiveTaunt_03_02_3p",10,"#HOST_NOC","TEAM_MILITIA",false,"","In my Games, you will fear the Shadows.","SKYDIVE_TAUNT","JNEL: New Bucket for Noc"
"Host_Noc_skydiveTaunt_03_03","diag_ap_nocNotify_skydiveTaunt_03_03_3p",10,"#HOST_NOC","TEAM_MILITIA",false,"","In my Games, you will fear the Shadows.","SKYDIVE_TAUNT","JNEL: New Bucket for Noc"
"Host_Noc_streakChampKilled_01a_01","diag_ap_nocNotify_streakChampKilled_01a_01_3p",10,"#HOST_NOC","TEAM_MILITIA",false,"","The Champ's lost their Top 5 streak. And their will to live.","STREAK_LOST_CHAMP","JNEL: New Bucket for Noc"
"Host_Noc_streakChampKilled_01a_02","diag_ap_nocNotify_streakChampKilled_01a_02_3p",10,"#HOST_NOC","TEAM_MILITIA",false,"","The Champ's lost their Top 5 streak. And their will to live.","STREAK_LOST_CHAMP","JNEL: New Bucket for Noc"
"Host_Noc_streakChampKilled_01b_01","diag_ap_nocNotify_streakChampKilled_01b_01_3p",10,"#HOST_NOC","TEAM_MILITIA",false,"","Aww. The Champ is dead, just like the rest of you skinsuits. ","STREAK_LOST_CHAMP","JNEL: New Bucket for Noc"
"Host_Noc_streakChampKilled_01b_02","diag_ap_nocNotify_streakChampKilled_01b_02_3p",10,"#HOST_NOC","TEAM_MILITIA",false,"","The Champ is dead, just like the rest of you skinsuits. ","STREAK_LOST_CHAMP","JNEL: New Bucket for Noc"
"Host_Noc_streakChampKilled_02a_01","diag_ap_nocNotify_streakChampKilled_02a_01_3p",10,"#HOST_NOC","TEAM_MILITIA",false,"","Heh.. I have appointed a new Kill Leader. I like that.","STREAK_NEW_KILL_LEADER","JNEL: New Bucket for Noc"
"Host_Noc_streakChampKilled_02a_02","diag_ap_nocNotify_streakChampKilled_02a_02_3p",10,"#HOST_NOC","TEAM_MILITIA",false,"","Ahh.. I have appointed a new Kill Leader. I like that.","STREAK_NEW_KILL_LEADER","JNEL: New Bucket for Noc"
"Host_Noc_streakChampKilled_02a_03","diag_ap_nocNotify_streakChampKilled_02a_03_3p",10,"#HOST_NOC","TEAM_MILITIA",false,"","Hah.. I have appointed a new Kill Leader. I like that.","STREAK_NEW_KILL_LEADER","JNEL: New Bucket for Noc"
"Host_Noc_streakChampKilled_02b_01","diag_ap_nocNotify_streakChampKilled_02b_01_3p",10,"#HOST_NOC","TEAM_MILITIA",false,"","The Champion, and their streak, are both dead. ","STREAK_LOST_CHAMP","JNEL: New Bucket for Noc"
"Host_Noc_streakChampKilled_02b_02","diag_ap_nocNotify_streakChampKilled_02b_02_3p",10,"#HOST_NOC","TEAM_MILITIA",false,"","The Champion, and their streak, are both dead. ","STREAK_LOST_CHAMP","JNEL: New Bucket for Noc"
"Host_Noc_streakChampKilled_02b_03","diag_ap_nocNotify_streakChampKilled_02b_03_3p",10,"#HOST_NOC","TEAM_MILITIA",false,"","The Champion, and their streak, are both dead. ","STREAK_LOST_CHAMP","JNEL: New Bucket for Noc"
"Host_Noc_streakChampKilled_03a_01","diag_ap_nocNotify_streakChampKilled_03a_01_3p",10,"#HOST_NOC","TEAM_MILITIA",false,"","The Top 5 Champion's streak has ended.","STREAK_LOST_CHAMP","JNEL: New Bucket for Noc"
"Host_Noc_streakChampKilled_03b_01","diag_ap_nocNotify_streakChampKilled_03b_01_3p",10,"#HOST_NOC","TEAM_MILITIA",false,"","The Top 5 Champion lost their streak... and a fatal amount of blood.","STREAK_LOST_CHAMP","JNEL: New Bucket for Noc"
"Host_Noc_streakChampKilled_04a_01","diag_ap_nocNotify_streakChampKilled_04a_01_3p",10,"#HOST_NOC","TEAM_MILITIA",false,"","Top 5 Champ is dead. Don't hit your skull as you plummet to the bottom... Champ.","STREAK_LOST_CHAMP","JNEL: New Bucket for Noc"
"Host_Noc_streakChampKilled_04b_01","diag_ap_nocNotify_streakChampKilled_04b_01_3p",10,"#HOST_NOC","TEAM_MILITIA",false,"","The Top Five Champion's deathbox is now up for grabs. Loot away.","STREAK_LOST_CHAMP","JNEL: New Bucket for Noc"
"Host_Noc_streakChampKilled_04b_02","diag_ap_nocNotify_streakChampKilled_04b_02_3p",10,"#HOST_NOC","TEAM_MILITIA",false,"","The Top Five Champion's deathbox is now up for grabs. Loot away.","STREAK_LOST_CHAMP","JNEL: New Bucket for Noc"
"Host_Noc_streakChampKilled_05a_01","diag_ap_nocNotify_streakChampKilled_05a_01_3p",10,"#HOST_NOC","TEAM_MILITIA",false,"","If you pass by the streak Champ's corpse, shoot it again for good luck.","STREAK_LOST_CHAMP","JNEL: New Bucket for Noc"
"Host_Noc_streakChampKilled_05b_01","diag_ap_nocNotify_streakChampKilled_05b_01_3p",10,"#HOST_NOC","TEAM_MILITIA",false,"","Everyone wave bye-bye to the streak Champion.","STREAK_LOST_CHAMP","JNEL: New Bucket for Noc"
"Host_Noc_streakChampKilled_05b_02","diag_ap_nocNotify_streakChampKilled_05b_02_3p",10,"#HOST_NOC","TEAM_MILITIA",false,"","Everyone wave bye-bye to the streak Champion.","STREAK_LOST_CHAMP","JNEL: New Bucket for Noc"
"Host_Noc_streakChampKilled_05c_01","diag_ap_nocNotify_streakChampKilled_05c_01_3p",10,"#HOST_NOC","TEAM_MILITIA",false,"","Your streak Champion is now a streak corpse.","STREAK_LOST_CHAMP","JNEL: New Bucket for Noc"
"Host_Noc_streakChampKilled_06a_01","diag_ap_nocNotify_streakChampKilled_06a_01_3p",10,"#HOST_NOC","TEAM_MILITIA",false,"","Champ's dead before making Top Five. Bet you're broken up about that.","CHAMP_DIED_NO_TOP5_STREAK","JNEL: New Bucket for Noc"
"Host_Noc_streakChampKilled_06a_02","diag_ap_nocNotify_streakChampKilled_06a_02_3p",10,"#HOST_NOC","TEAM_MILITIA",false,"","Champ's dead before making Top Five. Bet you're broken up about that.","CHAMP_DIED_NO_TOP5_STREAK","JNEL: New Bucket for Noc"
"Host_Noc_streakChampKilled_06b_01","diag_ap_nocNotify_streakChampKilled_06b_01_3p",10,"#HOST_NOC","TEAM_MILITIA",false,"","The Champ is out. Enjoy playing with the bottom feeders, skinsuit.","CHAMP_DIED_NO_TOP5_STREAK","JNEL: New Bucket for Noc"
"Host_Noc_streakChampKilled_06b_02","diag_ap_nocNotify_streakChampKilled_06b_02_3p",10,"#HOST_NOC","TEAM_MILITIA",false,"","The Champ is out. Enjoy playing with the bottom feeders, skinsuit.","CHAMP_DIED_NO_TOP5_STREAK","JNEL: New Bucket for Noc"
"Host_Noc_streakChampKilled_06c_01","diag_ap_nocNotify_streakChampKilled_06c_01_3p",10,"#HOST_NOC","TEAM_MILITIA",false,"","The Top Five will be missing someone next match... their Champ.","CHAMP_DIED_NO_TOP5_STREAK","JNEL: New Bucket for Noc"
"Host_Noc_streakChampKilled_06c_02","diag_ap_nocNotify_streakChampKilled_06c_02_3p",10,"#HOST_NOC","TEAM_MILITIA",false,"","The Top Five will be missing someone next match... their Champ.","CHAMP_DIED_NO_TOP5_STREAK","JNEL: New Bucket for Noc"
"Host_Noc_streakChampKilled_07a_01","diag_ap_nocNotify_streakChampKilled_07a_01_3p",10,"#HOST_NOC","TEAM_MILITIA",false,"","The streak Champion's out of the game and out of Top Five.","STREAK_LOST_CHAMP","JNEL: New Bucket for Noc"
"Host_Noc_streakChampKilled_07b_01","diag_ap_nocNotify_streakChampKilled_07b_01_3p",10,"#HOST_NOC","TEAM_MILITIA",false,"","The streak Champion's no longer Top Five. Also, no longer breathing.","STREAK_LOST_CHAMP","JNEL: New Bucket for Noc"
"Host_Noc_streakChampKilled_07b_02","diag_ap_nocNotify_streakChampKilled_07b_02_3p",10,"#HOST_NOC","TEAM_MILITIA",false,"","The streak Champion's no longer Top Five. Also, no longer breathing.","STREAK_LOST_CHAMP","JNEL: New Bucket for Noc"
"Host_Noc_streakChampKilled_08a_01","diag_ap_nocNotify_streakChampKilled_08a_01_3p",10,"#HOST_NOC","TEAM_MILITIA",false,"","The Apex Predator is dead. Not so Apex now, are they?","STREAK_LOST_APEX_PRED","JNEL: New Bucket for Noc"
"Host_Noc_streakChampKilled_08a_02","diag_ap_nocNotify_streakChampKilled_08a_02_3p",10,"#HOST_NOC","TEAM_MILITIA",false,"","The Apex Predator is dead. Not so Apex now, are they?","STREAK_LOST_APEX_PRED","JNEL: New Bucket for Noc"
"Host_Noc_streakChampKilled_09a_01","diag_ap_nocNotify_streakChampKilled_09a_01_3p",10,"#HOST_NOC","TEAM_MILITIA",false,"","The Apex Predator's streak is over.","STREAK_LOST_APEX_PRED","JNEL: New Bucket for Noc"
"Host_Noc_streakChampKilled_09a_02","diag_ap_nocNotify_streakChampKilled_09a_02_3p",10,"#HOST_NOC","TEAM_MILITIA",false,"","The Apex Predator's streak is over.","STREAK_LOST_APEX_PRED","JNEL: New Bucket for Noc"
"Host_Noc_introChampion_01_01","diag_ap_nocNotify_introChampion_01_01_3p",0,"#HOST_NOC","TEAM_MILITIA",false,"","This is your Champion. Kill them.","INTRO_CHAMPION_CARD","JNEL: New Bucket for Noc; this is for the Champion Intro, which for AI is being called in script explicitly"
"Host_Noc_introChampion_01_02","diag_ap_nocNotify_introChampion_01_02_3p",0,"#HOST_NOC","TEAM_MILITIA",false,"","This is your Champion. Kill them.","INTRO_CHAMPION_CARD","JNEL: New Bucket for Noc; this is for the Champion Intro, which for AI is being called in script explicitly"
"Host_Noc_introChampion_02_01","diag_ap_nocNotify_introChampion_02_01_3p",0,"#HOST_NOC","TEAM_MILITIA",false,"","This is your Champion. Kill them.","INTRO_CHAMPION_CARD","JNEL: New Bucket for Noc; this is for the Champion Intro, which for AI is being called in script explicitly"
"Host_Noc_introChampion_02_02","diag_ap_nocNotify_introChampion_02_02_3p",0,"#HOST_NOC","TEAM_MILITIA",false,"","This is your Champion. Kill them.","INTRO_CHAMPION_CARD","JNEL: New Bucket for Noc; this is for the Champion Intro, which for AI is being called in script explicitly"
"Host_Noc_introChampion_03_01","diag_ap_nocNotify_introChampion_03_01_3p",0,"#HOST_NOC","TEAM_MILITIA",false,"","This is your Champion. Kill them.","INTRO_CHAMPION_CARD","JNEL: New Bucket for Noc; this is for the Champion Intro, which for AI is being called in script explicitly"
"Host_Noc_introChampion_03_02","diag_ap_nocNotify_introChampion_03_02_3p",0,"#HOST_NOC","TEAM_MILITIA",false,"","This is your Champion. Kill them.","INTRO_CHAMPION_CARD","JNEL: New Bucket for Noc; this is for the Champion Intro, which for AI is being called in script explicitly"
"Host_Noc_introChampion_04_01","diag_ap_nocNotify_introChampion_04_01_3p",0,"#HOST_NOC","TEAM_MILITIA",false,"","This is your Champion. Kill them.","INTRO_CHAMPION_CARD","JNEL: New Bucket for Noc; this is for the Champion Intro, which for AI is being called in script explicitly"
"Host_Noc_introChampion_04_02","diag_ap_nocNotify_introChampion_04_02_3p",0,"#HOST_NOC","TEAM_MILITIA",false,"","This is your Champion. Kill them.","INTRO_CHAMPION_CARD","JNEL: New Bucket for Noc; this is for the Champion Intro, which for AI is being called in script explicitly"
"Host_Noc_introChampion_04_03","diag_ap_nocNotify_introChampion_04_03_3p",0,"#HOST_NOC","TEAM_MILITIA",false,"","This is your Champion. Kill them.","INTRO_CHAMPION_CARD","JNEL: New Bucket for Noc; this is for the Champion Intro, which for AI is being called in script explicitly"
"Host_Noc_introChampion_05_01","diag_ap_nocNotify_introChampion_05_01_3p",0,"#HOST_NOC","TEAM_MILITIA",false,"","This is your Champion. Kill them.","INTRO_CHAMPION_CARD","JNEL: New Bucket for Noc; this is for the Champion Intro, which for AI is being called in script explicitly"
"Host_Noc_introChampion_05_02","diag_ap_nocNotify_introChampion_05_02_3p",0,"#HOST_NOC","TEAM_MILITIA",false,"","This is your Champion. Kill them.","INTRO_CHAMPION_CARD","JNEL: New Bucket for Noc; this is for the Champion Intro, which for AI is being called in script explicitly"
"Host_Noc_gameChangerActive_01_01_3p","diag_ap_nocNotify_gameChangerActive_01_01_3p",10,"#HOST_NOC","TEAM_MILITIA",false,"","Once again, skinsuits, I have changed the game.","GAMECHANGER_ACTIVATE","JNEL: New Bucket for Noc"
"Host_Noc_gameChangerActive_02_01_3p","diag_ap_nocNotify_gameChangerActive_02_01_3p",10,"#HOST_NOC","TEAM_MILITIA",false,"","You know what this match needs? A gamechanger.","GAMECHANGER_ACTIVATE","JNEL: New Bucket for Noc"
"Host_Noc_gameChangerActive_03_01_3p","diag_ap_nocNotify_gameChangerActive_03_01_3p",10,"#HOST_NOC","TEAM_MILITIA",false,"","Look at that. I've changed the game again.","GAMECHANGER_ACTIVATE","JNEL: New Bucket for Noc"
"Host_Noc_gameChangerActiveShadows_02_01_3p","diag_ap_nocNotify_gameChangerActive_02_01_3p",10,"#HOST_NOC","TEAM_MILITIA",false,"","You know what this match needs? A gamechanger.","GAMECHANGER_ACTIVATE_SHADOWS","JNEL: New Bucket for Noc"
"Host_Noc_gameChangerActiveShadows_03_01_3p","diag_ap_nocNotify_gameChangerActive_03_01_3p",10,"#HOST_NOC","TEAM_MILITIA",false,"","Look at that. I've changed the game again.","GAMECHANGER_ACTIVATE_SHADOWS","JNEL: New Bucket for Noc"
"Host_Noc_evacShipIncoming_01_01_3p","diag_ap_nocNotify_evacShipIncoming_01_01_3p",10,"#HOST_NOC","TEAM_MILITIA",false,"","Don't worry...it's almost over.","EVAC_SHIP_INCOMING","JNEL: New Bucket for Noc"
"Host_Noc_evacShipIncoming_02_01_3p","diag_ap_nocNotify_evacShipIncoming_02_01_3p",10,"#HOST_NOC","TEAM_MILITIA",false,"","It's nearing the end","EVAC_SHIP_INCOMING","JNEL: New Bucket for Noc"
"Host_Noc_evacShipIncoming_03_01_3p","diag_ap_nocNotify_evacShipIncoming_03_01_3p",10,"#HOST_NOC","TEAM_MILITIA",false,"","I like it when you all flee.","EVAC_SHIP_INCOMING","JNEL: New Bucket for Noc"
"Host_Noc_evacShipIncoming_04_01_3p","diag_ap_nocNotify_evacShipIncoming_04_01_3p",10,"#HOST_NOC","TEAM_MILITIA",false,"","It'll all be over soon.","EVAC_SHIP_INCOMING","JNEL: New Bucket for Noc"
"Host_Noc_evacShipIncoming_05_01_3p","diag_ap_nocNotify_evacShipIncoming_05_01_3p",10,"#HOST_NOC","TEAM_MILITIA",false,"","Enjoy these final moments. Some of you will die.","EVAC_SHIP_INCOMING","JNEL: New Bucket for Noc"
"Host_Noc_evacShipIncomingShadows_01_01_3p","diag_ap_nocNotify_evacShipIncoming_01_01_3p",10,"#HOST_NOC","TEAM_MILITIA",false,"","Don't worry...it's almost over.","EVAC_SHIP_INCOMING_SHADOWS","JNEL: New Bucket for Noc"
"Host_Noc_evacShipIncomingShadows_02_01_3p","diag_ap_nocNotify_evacShipIncoming_02_01_3p",10,"#HOST_NOC","TEAM_MILITIA",false,"","It's nearing the end","EVAC_SHIP_INCOMING_SHADOWS","JNEL: New Bucket for Noc"
"Host_Noc_evacShipIncomingShadows_04_01_3p","diag_ap_nocNotify_evacShipIncoming_04_01_3p",10,"#HOST_NOC","TEAM_MILITIA",false,"","It'll all be over soon.","EVAC_SHIP_INCOMING_SHADOWS","JNEL: New Bucket for Noc"
"Host_Noc_nocNotify_revengeKill_01_01_3p","diag_ap_nocNotify_revengeKill_01_01_3p",0,"#HOST_Noc","TEAM_MILITIA",false,"","Boo.  Heh heh heh.","SHADOW_REVENGE_KILL","JNEL: New Bucket for Noc"
"Host_Noc_nocNotify_revengeKill_01_02_3p","diag_ap_nocNotify_revengeKill_01_02_3p",0,"#HOST_Noc","TEAM_MILITIA",false,"","Boo.  Heh heh heh.","SHADOW_REVENGE_KILL","JNEL: New Bucket for Noc"
"Host_Noc_nocNotify_revengeKill_01_03_3p","diag_ap_nocNotify_revengeKill_01_03_3p",0,"#HOST_Noc","TEAM_MILITIA",false,"","Boo.  Heh heh heh.","SHADOW_REVENGE_KILL","JNEL: New Bucket for Noc"
"Host_Noc_nocNotify_revengeKill_01_04_3p","diag_ap_nocNotify_revengeKill_01_04_3p",0,"#HOST_Noc","TEAM_MILITIA",false,"","Boo.  Heh heh heh.","SHADOW_REVENGE_KILL","JNEL: New Bucket for Noc"
"Host_Noc_nocNotify_revengeKill_01_05_3p","diag_ap_nocNotify_revengeKill_01_05_3p",0,"#HOST_Noc","TEAM_MILITIA",false,"","Boo.  Heh heh heh.","SHADOW_REVENGE_KILL","JNEL: New Bucket for Noc"
"string","string","int","string","string","bool","asset_noprecache","string","string","string"