"featureFlag","event","notes","menuText","shortText","chatText","aliasSubname","hasCalm","hasCalmFar","hasUrgent","hasUrgentFar","subEvent","flavorEvent","defaultIcon","pingAsset"
"","BLANK","","","","","",false,false,false,false,"","","",""
"","PING_WEAPON_KRABER","","","","#PING_LOOT","ping_foundKraber",true,false,true,false,"","FLAVOR_WEAPON_KRABER","",""
"","PING_WEAPON_MASTIFF","","","","#PING_LOOT","ping_foundMastiff",true,false,true,false,"","FLAVOR_WEAPON_MASTIFF","",""
"","PING_WEAPON_LSTAR","","","","#PING_LOOT","ping_foundLstar",true,false,true,false,"","FLAVOR_WEAPON_LSTAR","",""
"","PING_WEAPON_ENERGY_AR","! [jnel] hooked up Havoc instead of enery ar / energy weapon.","","","#PING_LOOT","ping_foundHavoc",true,false,true,false,"","FLAVOR_WEAPON_ENERGY_AR","",""
"","PING_WEAPON_DEVOTION","","","","#PING_LOOT","ping_foundDevotion",true,false,true,false,"","FLAVOR_WEAPON_DEVOTION","",""
"","PING_WEAPON_TRIPLETAKE","","","","#PING_LOOT","ping_foundTripletake",true,false,true,false,"","FLAVOR_WEAPON_TRIPLETAKE","",""
"","PING_WEAPON_FLATLINE","","","","#PING_LOOT","ping_foundFlatline",true,false,true,false,"","FLAVOR_WEAPON_FLATLINE","",""
"","PING_WEAPON_HEMLOK","","","","#PING_LOOT","ping_foundHemlok",true,false,true,false,"","FLAVOR_WEAPON_HEMLOK","",""
"","PING_WEAPON_G7","","","","#PING_LOOT","ping_foundG7",true,false,true,false,"","FLAVOR_WEAPON_G7","",""
"","PING_WEAPON_ALTERNATOR","","","","#PING_LOOT","ping_foundAlternator",true,false,true,false,"","FLAVOR_WEAPON_ALTERNATOR","",""
"","PING_WEAPON_R97","! [jnel] this is still r97, but should we hook it to r99?","","","#PING_LOOT","ping_foundR99",true,false,true,false,"","FLAVOR_WEAPON_R97","",""
"","PING_WEAPON_PROWLER","","","","#PING_LOOT","ping_foundprowler",true,false,true,false,"","FLAVOR_WEAPON_PROWLER","",""
"","PING_WEAPON_DMR","","","","#PING_LOOT","ping_foundDmr",true,false,true,false,"","FLAVOR_WEAPON_DMR","",""
"","PING_WEAPON_SPITFIRE","","","","#PING_LOOT","ping_foundSpitfire",true,false,true,false,"","FLAVOR_WEAPON_SPITFIRE","",""
"","PING_WEAPON_R201","! [jnel] hooked the r301 to this event. Event string is r201.","","","#PING_LOOT","ping_foundR301",true,false,true,false,"","FLAVOR_WEAPON_R201","",""
"","PING_WEAPON_EVA","","","","#PING_LOOT","ping_foundEva",true,false,true,false,"","FLAVOR_WEAPON_EVA","",""
"","PING_WEAPON_PEACEKEEPER","","","","#PING_LOOT","ping_foundpeacekeeper",true,false,true,false,"","FLAVOR_WEAPON_PEACEKEEPER","",""
"","PING_WEAPON_MOZAMBIQUE","","","","#PING_LOOT","ping_foundMozambique",true,false,true,false,"","FLAVOR_WEAPON_MOZAMBIQUE","",""
"","PING_WEAPON_WINGMAN","","","","#PING_LOOT","ping_foundWingman",true,false,true,false,"","FLAVOR_WEAPON_WINGMAN","",""
"","PING_WEAPON_SEMIPISTOL","","","","#PING_LOOT","ping_foundP2020",true,false,true,false,"","FLAVOR_WEAPON_SEMIPISTOL","",""
"","PING_WEAPON_AUTOPISTOL","","","","#PING_LOOT","ping_foundRE45",true,false,true,false,"","FLAVOR_WEAPON_AUTOPISTOL","",""
"HAS_WEAPON_DEFENDER","PING_WEAPON_DEFENDER","","","","#PING_LOOT","ping_foundChargeRifle",true,false,true,false,"","","",""
"","PING_OFFHAND_GRENADE_FIRESTAR","! [jnel] hooked up foundThermite. Event string is still firestar.","","","#PING_LOOT","ping_foundThermite",true,false,true,false,"","FLAVOR_OFFHAND_GRENADE_FIRESTAR","",""
"","PING_OFFHAND_GRENADE_FRAG","","","","#PING_LOOT","ping_foundFrag",true,false,true,false,"","FLAVOR_OFFHAND_GRENADE_FRAG","",""
"","PING_OFFHAND_GRENADE_ARC","! [jnel] hooked up foundArcStar. Event string is still grenade_arc.","","","#PING_LOOT","ping_foundArcStar",true,false,true,false,"","FLAVOR_OFFHAND_GRENADE_ARC","",""
"","PING_AMMO_BULLET","! [jnel] hooked up foundAmmoLight","","","#PING_LOOT","ping_foundAmmoLight",true,false,true,false,"","","",""
"","PING_AMMO_SPECIAL","","","","#PING_LOOT","ping_foundAmmoEnergy",true,false,true,false,"","FLAVOR_AMMO_SPECIAL","",""
"","PING_AMMO_SHOTGUN","","","","#PING_LOOT","ping_foundAmmoShotgun",true,false,true,false,"","FLAVOR_AMMO_SHOTGUN","",""
"","PING_AMMO_HIGHCAL","! [jnel] hooked up foundAmmoHeavy.","","","#PING_LOOT","ping_foundAmmoHeavy",true,false,true,false,"","","",""
"","PING_EQUIPMENT_ARMOR_1","","","","#PING_TIERED_LOOT","ping_foundBodyShield",true,false,true,false,"SUB_TYPE_LEVEL1","FLAVOR_EQUIPMENT_ARMOR_1","",""
"","PING_EQUIPMENT_ARMOR_2","","","","#PING_TIERED_LOOT","ping_foundBodyShield",true,false,true,false,"SUB_TYPE_LEVEL2","FLAVOR_EQUIPMENT_ARMOR_2","",""
"","PING_EQUIPMENT_ARMOR_3","","","","#PING_TIERED_LOOT","ping_foundBodyShield",true,false,true,false,"SUB_TYPE_LEVEL3","FLAVOR_EQUIPMENT_ARMOR_3","",""
"","PING_EQUIPMENT_ARMOR_4","","","","#PING_TIERED_LOOT","ping_foundBodyShield",true,false,true,false,"SUB_TYPE_LEVEL4","FLAVOR_EQUIPMENT_ARMOR_4","",""
"","PING_EQUIPMENT_HELMET_1","","","","#PING_TIERED_LOOT","ping_foundHelmet",true,false,true,false,"SUB_TYPE_LEVEL1","FLAVOR_EQUIPMENT_HELMET_1","",""
"","PING_EQUIPMENT_HELMET_2","","","","#PING_TIERED_LOOT","ping_foundHelmet",true,false,true,false,"SUB_TYPE_LEVEL2","FLAVOR_EQUIPMENT_HELMET_2","",""
"","PING_EQUIPMENT_HELMET_3","","","","#PING_TIERED_LOOT","ping_foundHelmet",true,false,true,false,"SUB_TYPE_LEVEL3","FLAVOR_EQUIPMENT_HELMET_3","",""
"","PING_EQUIPMENT_HELMET_4","","","","#PING_TIERED_LOOT","ping_foundHelmet",true,false,true,false,"SUB_TYPE_LEVEL4","FLAVOR_EQUIPMENT_HELMET_4","",""
"","PING_EQUIPMENT_BACKPACK_1","","","","#PING_TIERED_LOOT","ping_foundBackpack",true,false,true,false,"SUB_TYPE_LEVEL1","FLAVOR_EQUIPMENT_BACKPACK_1","",""
"","PING_EQUIPMENT_BACKPACK_2","","","","#PING_TIERED_LOOT","ping_foundBackpack",true,false,true,false,"SUB_TYPE_LEVEL2","FLAVOR_EQUIPMENT_BACKPACK_2","",""
"","PING_EQUIPMENT_BACKPACK_3","","","","#PING_TIERED_LOOT","ping_foundBackpack",true,false,true,false,"SUB_TYPE_LEVEL3","FLAVOR_EQUIPMENT_BACKPACK_3","",""
"","PING_EQUIPMENT_BACKPACK_4","","","","#PING_TIERED_LOOT","ping_foundBackpack",true,false,true,false,"SUB_TYPE_LEVEL4","FLAVOR_EQUIPMENT_BACKPACK_4","",""
"","PING_EQUIPMENT_INCAPSHIELD_1","","","","#PING_TIERED_LOOT","ping_foundShieldKO",true,false,true,false,"SUB_TYPE_LEVEL1","FLAVOR_EQUIPMENT_INCAPSHIELD_1","",""
"","PING_EQUIPMENT_INCAPSHIELD_2","","","","#PING_TIERED_LOOT","ping_foundShieldKO",true,false,true,false,"SUB_TYPE_LEVEL2","FLAVOR_EQUIPMENT_INCAPSHIELD_2","",""
"","PING_EQUIPMENT_INCAPSHIELD_3","","","","#PING_TIERED_LOOT","ping_foundShieldKO",true,false,true,false,"SUB_TYPE_LEVEL3","FLAVOR_EQUIPMENT_INCAPSHIELD_3","",""
"","PING_EQUIPMENT_INCAPSHIELD_4","","","","#PING_TIERED_LOOT","ping_foundShieldKO",true,false,true,false,"SUB_TYPE_LEVEL4","FLAVOR_EQUIPMENT_INCAPSHIELD_4","",""
"","PING_ATTACHMENT_OPTIC_CQ_HCOG_1","","","","#PING_LOOT","ping_foundOptic",true,false,true,false,"SUB_TYPE_RANGECLOSE","FLAVOR_ATTACHMENT_OPTIC_CQ_HCOG_1","",""
"","PING_ATTACHMENT_OPTIC_CQ_HCOG_2","","","","#PING_LOOT","ping_foundOptic",true,false,true,false,"SUB_TYPE_RANGECLOSE","FLAVOR_ATTACHMENT_OPTIC_CQ_HCOG_2","",""
"","PING_ATTACHMENT_OPTIC_CQ_HOLOSIGHT_1","","","","#PING_LOOT","ping_foundOptic",true,false,true,false,"SUB_TYPE_RANGECLOSE","FLAVOR_ATTACHMENT_OPTIC_CQ_HOLOSIGHT_1","",""
"","PING_ATTACHMENT_OPTIC_CQ_HOLOSIGHT_2","","","","#PING_LOOT","ping_foundOptic",true,false,true,false,"SUB_TYPE_RANGECLOSE","FLAVOR_ATTACHMENT_OPTIC_CQ_HOLOSIGHT_2","",""
"","PING_ATTACHMENT_OPTIC_CQ_THREAT","","","","#PING_LOOT","ping_foundOptic",true,false,true,false,"SUB_TYPE_RANGECLOSE","FLAVOR_ATTACHMENT_OPTIC_CQ_THREAT","",""
"","PING_ATTACHMENT_OPTIC_RANGED_HCOG","","","","#PING_LOOT","ping_foundOptic",true,false,true,false,"SUB_TYPE_RANGEMID","FLAVOR_ATTACHMENT_OPTIC_RANGED_HCOG","",""
"","PING_ATTACHMENT_OPTIC_RANGED_AOG","","","","#PING_LOOT","ping_foundOptic",true,false,true,false,"SUB_TYPE_RANGEMID","FLAVOR_ATTACHMENT_OPTIC_RANGED_AOG","",""
"","PING_ATTACHMENT_OPTIC_SNIPER","","","","#PING_LOOT","ping_foundOptic",true,false,true,false,"SUB_TYPE_RANGESNIPER","FLAVOR_ATTACHMENT_OPTIC_SNIPER","",""
"","PING_ATTACHMENT_OPTIC_SNIPER_VARIABLE","","","","#PING_LOOT","ping_foundOptic",true,false,true,false,"SUB_TYPE_RANGESNIPER","FLAVOR_ATTACHMENT_OPTIC_SNIPER_VARIABLE","",""
"","PING_ATTACHMENT_OPTIC_SNIPER_THREAT","","","","#PING_LOOT","ping_foundOptic",true,false,true,false,"SUB_TYPE_RANGESNIPER","FLAVOR_ATTACHMENT_OPTIC_SNIPER_THREAT","",""
"","PING_ATTACHMENT_MAG_BULLET_1","","","","#PING_TIERED_LOOT","ping_foundAmmoMagLight",true,false,true,false,"SUB_TYPE_LEVEL1","FLAVOR_ATTACHMENT_MAG_BULLET_1","",""
"","PING_ATTACHMENT_MAG_BULLET_2","","","","#PING_TIERED_LOOT","ping_foundAmmoMagLight",true,false,true,false,"SUB_TYPE_LEVEL2","FLAVOR_ATTACHMENT_MAG_BULLET_2","",""
"","PING_ATTACHMENT_MAG_BULLET_3","","","","#PING_TIERED_LOOT","ping_foundAmmoMagLight",true,false,true,false,"SUB_TYPE_LEVEL3","FLAVOR_ATTACHMENT_MAG_BULLET_3","",""
"","PING_ATTACHMENT_MAG_HIGHCAL_1","","","","#PING_TIERED_LOOT","ping_foundAmmoMagHeavy",true,false,true,false,"SUB_TYPE_LEVEL1","FLAVOR_ATTACHMENT_MAG_HIGHCAL_1","",""
"","PING_ATTACHMENT_MAG_HIGHCAL_2","","","","#PING_TIERED_LOOT","ping_foundAmmoMagHeavy",true,false,true,false,"SUB_TYPE_LEVEL2","FLAVOR_ATTACHMENT_MAG_HIGHCAL_2","",""
"","PING_ATTACHMENT_MAG_HIGHCAL_3","","","","#PING_TIERED_LOOT","ping_foundAmmoMagHeavy",true,false,true,false,"SUB_TYPE_LEVEL3","FLAVOR_ATTACHMENT_MAG_HIGHCAL_3","",""
"HAS_ENERGY_MAGS","PING_ATTACHMENT_MAG_ENERGY_1","","","","#PING_TIERED_LOOT","ping_foundAmmoMagEnergy",true,false,true,false,"SUB_TYPE_LEVEL1","","",""
"HAS_ENERGY_MAGS","PING_ATTACHMENT_MAG_ENERGY_2","","","","#PING_TIERED_LOOT","ping_foundAmmoMagEnergy",true,false,true,false,"SUB_TYPE_LEVEL2","","",""
"HAS_ENERGY_MAGS","PING_ATTACHMENT_MAG_ENERGY_3","","","","#PING_TIERED_LOOT","ping_foundAmmoMagEnergy",true,false,true,false,"SUB_TYPE_LEVEL3","","",""
"","PING_ATTACHMENT_SHOTGUN_BOLT_1","","","","#PING_TIERED_LOOT","ping_foundShotgunBolt",true,false,true,false,"SUB_TYPE_LEVEL1","FLAVOR_ATTACHMENT_SHOTGUN_BOLT_1","",""
"","PING_ATTACHMENT_SHOTGUN_BOLT_2","","","","#PING_TIERED_LOOT","ping_foundShotgunBolt",true,false,true,false,"SUB_TYPE_LEVEL2","FLAVOR_ATTACHMENT_SHOTGUN_BOLT_2","",""
"","PING_ATTACHMENT_SHOTGUN_BOLT_3","","","","#PING_TIERED_LOOT","ping_foundShotgunBolt",true,false,true,false,"SUB_TYPE_LEVEL3","FLAVOR_ATTACHMENT_SHOTGUN_BOLT_3","",""
"","PING_ATTACHMENT_STOCK_STANDARD_1","","","","#PING_TIERED_LOOT","ping_foundStockTactical",true,false,true,false,"SUB_TYPE_LEVEL1","FLAVOR_ATTACHMENT_STOCK_STANDARD_1","",""
"","PING_ATTACHMENT_STOCK_STANDARD_2","","","","#PING_TIERED_LOOT","ping_foundStockTactical",true,false,true,false,"SUB_TYPE_LEVEL2","FLAVOR_ATTACHMENT_STOCK_STANDARD_2","",""
"","PING_ATTACHMENT_STOCK_STANDARD_3","","","","#PING_TIERED_LOOT","ping_foundStockTactical",true,false,true,false,"SUB_TYPE_LEVEL3","FLAVOR_ATTACHMENT_STOCK_STANDARD_3","",""
"","PING_ATTACHMENT_STOCK_SNIPER_1","","","","#PING_TIERED_LOOT","ping_foundStockSniper",true,false,true,false,"SUB_TYPE_LEVEL1","FLAVOR_ATTACHMENT_STOCK_SNIPER_1","",""
"","PING_ATTACHMENT_STOCK_SNIPER_2","","","","#PING_TIERED_LOOT","ping_foundStockSniper",true,false,true,false,"SUB_TYPE_LEVEL2","FLAVOR_ATTACHMENT_STOCK_SNIPER_2","",""
"","PING_ATTACHMENT_STOCK_SNIPER_3","","","","#PING_TIERED_LOOT","ping_foundStockSniper",true,false,true,false,"SUB_TYPE_LEVEL3","FLAVOR_ATTACHMENT_STOCK_SNIPER_3","",""
"","PING_ATTACHMENT_BARREL_STABILIZER_1","","","","#PING_TIERED_LOOT","ping_foundBarrelStabilizer",true,false,true,false,"SUB_TYPE_LEVEL1","FLAVOR_ATTACHMENT_BARREL_STABILIZER_1","",""
"","PING_ATTACHMENT_BARREL_STABILIZER_2","","","","#PING_TIERED_LOOT","ping_foundBarrelStabilizer",true,false,true,false,"SUB_TYPE_LEVEL2","FLAVOR_ATTACHMENT_BARREL_STABILIZER_2","",""
"","PING_ATTACHMENT_BARREL_STABILIZER_3","","","","#PING_TIERED_LOOT","ping_foundBarrelStabilizer",true,false,true,false,"SUB_TYPE_LEVEL3","FLAVOR_ATTACHMENT_BARREL_STABILIZER_3","",""
"","PING_ATTACHMENT_BARREL_STABILIZER_4_FLASH_HIDER","! [jnel] updated for Flash Hider vo event","","","#PING_TIERED_LOOT","ping_foundBarrelStabilizer",true,false,true,false,"SUB_TYPE_LEVEL4","FLAVOR_ATTACHMENT_BARREL_STABILIZER_4_FLASH_HIDER","",""
"","PING_ATTACHMENT_HOPUP_TURBOCHARGER","","","","#PING_LOOT","ping_foundHopUp",true,false,true,false,"SUB_TYPE_TURBOCHARGER","FLAVOR_ATTACHMENT_HOPUP_TURBOCHARGER","",""
"","PING_ATTACHMENT_HOPUP_SELECTFIRE","","","","#PING_LOOT","ping_foundHopUp",true,false,true,false,"SUB_TYPE_SELECTFIRE","FLAVOR_ATTACHMENT_HOPUP_SELECTFIRE","",""
"","PING_ATTACHMENT_HOPUP_ENERGY_CHOKE","","","","#PING_LOOT","ping_foundHopUp",true,false,true,false,"SUB_TYPE_CHOKE","FLAVOR_ATTACHMENT_HOPUP_ENERGY_CHOKE","",""
"","PING_ATTACHMENT_HOPUP_HEADSHOT_DMG","","","","#PING_LOOT","ping_foundHopUp",true,false,true,false,"SUB_TYPE_SKULLPIERCER","FLAVOR_ATTACHMENT_HOPUP_HEADSHOT_DMG","",""
"","PING_ATTACHMENT_HOPUP_SHIELD_BREAKER","","","","#PING_LOOT","ping_foundHopUp",true,false,true,false,"SUB_TYPE_DISRUPTOR","","",""
"","PING_ATTACHMENT_HOPUP_UNSHIELDED_DMG","","","","#PING_LOOT","ping_foundHopUp",true,false,true,false,"SUB_TYPE_HAMMERPOINT","","",""
"HAS_HIGHCAL_ROUNDS","PING_ATTACHMENT_HOPUP_HIGHCAL_ROUNDS","","","","#PING_LOOT","ping_foundHopUp",true,false,true,false,"","","",""
"HAS_DOUBLE_TAP","PING_ATTACHMENT_HOPUP_DOUBLE_TAP","","","","#PING_LOOT","ping_foundHopUp",true,false,true,false,"","","",""
"","PING_ITEM_COMBO_FULL","! [jnel] this is the Phoenix Kit.","","","#PING_LOOT","ping_foundPhoenixKit",true,false,true,false,"","FLAVOR_ITEM_COMBO_FULL","",""
"","PING_ITEM_SHIELD_SMALL","","","","#PING_LOOT","ping_foundShieldCell",true,false,true,false,"","","",""
"","PING_ITEM_SHIELD_LARGE","","","","#PING_LOOT","ping_foundShieldBattery",true,false,true,false,"","","",""
"","PING_ITEM_HEALTH_SMALL","","","","#PING_LOOT","ping_foundSyringe",true,false,true,false,"","FLAVOR_ITEM_HEALTH_SMALL","",""
"","PING_ITEM_HEALTH_MEDIUM","","","","#PING_LOOT","ping_foundHealthMedium",true,false,true,false,"","FLAVOR_ITEM_HEALTH_MEDIUM","",""
"","PING_ITEM_HEALTH_LARGE","! [jnel] hooked up specific medKit instead of large health. MedKit script string shares with Large Health.","","","#PING_LOOT","ping_foundMedKit",true,false,true,false,"","FLAVOR_ITEM_HEALTH_LARGE","",""
"","PING_ITEM_HEALTH_SYRINGE","","","","#PING_LOOT","ping_foundSyringe",true,false,true,false,"","FLAVOR_ITEM_HEALTH_SYRINGE","",""
"","PING_ITEM_ULTIMATE_ENERGY","","","","#PING_LOOT","ping_foundAccelerant",true,false,true,false,"","FLAVOR_ITEM_ULTIMATE_ENERGY","",""
"","PING_MAP_WAYPOINT","","Waypoint","","","",false,false,false,false,"","","rui/menu/dpad_comms/emoji/exclamation",""
"","PING_ITEM_ARMOR_SMALL","! Needs urgent/calm","","","#PING_LOOT","",false,false,false,false,"","","",""
"","PING_LOCATION","","#PROMPT_PING_LOCATION","#PROMPT_PING_LOCATION_SHORT","#PING_LOCATION","ping_spotDefault",true,true,true,true,"","","rui/hud/ping/icon_ping_go_outer","settings/itemflav/ping/ping_go.rpak"
"","PING_DROP_SUGGESTION","","#PROMPT_PING_GO","#PROMPT_PING_GO_SHORT","#PING_GOTO","ping_waypointDropship",true,false,false,false,"","","rui/hud/ping/icon_ping_go_outer","settings/itemflav/ping/ping_go.rpak"
"","PING_WE_GO","","#PROMPT_PING_GO","#PROMPT_PING_GO_SHORT","#PING_GOTO","ping_spotDefault",true,false,true,false,"","","rui/hud/ping/icon_ping_go_outer","settings/itemflav/ping/ping_go.rpak"
"","PING_I_GO","","#PROMPT_PING_I_GO","#PROMPT_PING_I_GO_SHORT","#PING_I_GO","ping_exploreGoPlayer",true,true,true,true,"","","rui/hud/ping/icon_ping_go_outer","settings/itemflav/ping/ping_i_go.rpak"
"","PING_I_WATCHING","! [jnel] hooked up specific vo events for these","#PROMPT_PING_I_WATCHING","#PROMPT_PING_I_WATCHING_SHORT","#PING_I_WATCHING","ping_watchingHere",true,true,true,true,"","","rui/hud/ping/icon_ping_watch","settings/itemflav/ping/ping_watching.rpak"
"","PING_I_LOOTING","! [jnel] hooked up specific vo events for these","#PROMPT_PING_I_LOOTING","#PROMPT_PING_I_LOOTING_SHORT","#PING_I_LOOTING","ping_lootingHere",true,true,true,true,"","","rui/hud/ping/icon_ping_loot","settings/itemflav/ping/ping_looting.rpak"
"","PING_I_DEFENDING","! [jnel] hooked up specific vo events for these","#PROMPT_PING_I_DEFENDING","#PROMPT_PING_I_DEFENDING_SHORT","#PING_I_DEFENDING","ping_defendingHere",true,true,true,true,"","","rui/hud/ping/icon_ping_defense","settings/itemflav/ping/ping_defending.rpak"
"","PING_I_ATTACKING","! [jnel] hooked up specific vo events for these","#PROMPT_PING_I_ATTACKING","#PROMPT_PING_I_ATTACKING_SHORT","#PING_I_ATTACKING","ping_attackingHere",true,true,true,true,"","","rui/hud/ping/icon_ping_attack","settings/itemflav/ping/ping_attacking.rpak"
"","PING_NEED_HEALTH","","#PROMPT_PING_NEED_HEALTH","#PROMPT_PING_NEED_HEALTH_SHORT","","ping_needhealth",true,false,true,false,"","","rui/hud/ping/icon_ping_dronemedic",""
"","PING_HOLD_ON","","#PROMPT_PING_HOLD_ON","#PROMPT_PING_HOLD_ON_SHORT","","ping_markerwait",true,false,true,false,"","","rui/menu/dpad_comms/emoji/stop",""
"","PING_ABILITY_ME","! Needs new: "I'm going to do my unique thing"","#PROMPT_PING_ABILITY_ME","#PROMPT_PING_ABILITY_ME_SHORT","#PING_ABILITY_ME","ping_abilityTacticalPlayer",true,true,true,true,"","","rui/hud/common/objective_marker",""
"","PING_ABILITY_ALLY","! Needs new: "You should do your unique thing"","#PROMPT_PING_ABILITY_ALLY","#PROMPT_PING_ABILITY_ALLY_SHORT","#PING_ABILITY_ALLY","ping_abilityTacticalTeam",true,false,true,false,"","","rui/hud/common/objective_marker",""
"","PING_AREA_CLEAR","","#PROMPT_PING_AREA_CLEAR","#PROMPT_PING_AREA_CLEAR_SHORT","#PING_AREA_CLEAR","ping_areaClear",true,true,true,true,"","","rui/menu/dpad_comms/emoji/ok",""
"","PING_AREA_VISITED","! [jnel] hooked up specific vo event for someone's been here","#PROMPT_PING_AREA_VISITED","#PROMPT_PING_AREA_VISITED_SHORT","#PING_AREA_VISITED","ping_cluePresence",true,true,true,true,"","","rui/hud/ping/icon_ping_someonesbeen","settings/itemflav/ping/ping_area_visited.rpak"
"","PING_DOOR","! [jnel] hooked up ping_doorOpen.  But unused we also have ping_doorDestroyed and ping_doorClosed.","#PROMPT_PING_DOOR","#PROMPT_PING_DOOR_SHORT","#PING_DOOR","ping_doorClosed",true,true,true,true,"","","rui/hud/common/objective_marker","settings/itemflav/ping/ping_go.rpak"
"","PING_DEATHBOX","","#PROMPT_PING_DEATHBOX","#PROMPT_PING_DEATHBOX_SHORT","#PING_DEATHBOX","ping_deathBox",true,true,true,true,"","","rui/hud/common/objective_marker","settings/itemflav/ping/ping_go.rpak"
"","PING_LOOTBIN","! [jnel] changed ping_crate to ping_lootBin","#PROMPT_PING_LOOTBIN","#PROMPT_PING_LOOTBIN_SHORT","#PING_LOOTBIN","ping_supplyBin",true,true,true,true,"","","rui/hud/common/objective_marker","settings/itemflav/ping/ping_go.rpak"
"","PING_LOOTBIN_OPEN","! [jnel] changed ping_crate to ping_lootBin","#PROMPT_PING_LOOTBIN_OPEN","#PROMPT_PING_LOOTBIN_OPEN_SHORT","#PING_LOOTBIN_OPEN","ping_supplyBinOpen",true,true,true,true,"","","rui/hud/common/objective_marker","settings/itemflav/ping/ping_go.rpak"
"","PING_CAREPACKAGE","","#PROMPT_PING_CAREPACKAGE","#PROMPT_PING_CAREPACKAGE_SHORT","#PING_CAREPACKAGE","ping_carePackage",true,true,true,true,"","","rui/hud/common/objective_marker","settings/itemflav/ping/ping_go.rpak"
"","PING_MY_CAREPACKAGE","! Line needed ?  (Roger?)","#PROMPT_PING_CAREPACKAGE","#PROMPT_PING_CAREPACKAGE_SHORT","#PING_CAREPACKAGE","ping_carePackage",true,true,true,true,"","","rui/hud/common/objective_marker","settings/itemflav/ping/ping_go.rpak"
"","PING_SURVEYBEACON","! [jnel] changed generic ping_beacon to specifc ping_surveyBeacon","#PROMPT_PING_SURVEYBEACON","#PROMPT_PING_SURVEYBEACON_SHORT","#PING_SURVEYBEACON","ping_surveyBeacon",true,true,true,true,"","","rui/hud/common/objective_marker","settings/itemflav/ping/ping_go.rpak"
"","PING_HOVERTANK","","#PROMPT_PING_HOVERTANK","#PROMPT_PING_HOVERTANK_SHORT","#PING_HOVERTANK","ping_supplyShip",true,true,true,true,"","","rui/hud/common/objective_marker","settings/itemflav/ping/ping_go.rpak"
"","PING_FLYER","","#PROMPT_PING_FLYER","#PROMPT_PING_FLYER_SHORT","#PING_FLYER","ping_flyer",true,true,true,true,"","","rui/hud/common/objective_marker","settings/itemflav/ping/ping_go.rpak"
"","PING_FLYER_CAGED","","#PROMPT_PING_FLYER_CAGED","#PROMPT_PING_FLYER_CAGED_SHORT","#PING_FLYER_CAGED","ping_flyerCaged",true,false,true,false,"","","rui/hud/common/objective_marker","settings/itemflav/ping/ping_go.rpak"
"","PING_JUMPTOWER","","#PROMPT_PING_JUMPTOWER","#PROMPT_PING_JUMPTOWER_SHORT","#PING_JUMPTOWER","ping_jumpTower",true,true,true,true,"","","rui/hud/common/objective_marker","settings/itemflav/ping/ping_go.rpak"
"","PING_ZIPLINE","","#PROMPT_PING_ZIPLINE","#PROMPT_PING_ZIPLINE_SHORT","#PING_ZIPLINE","ping_zipline",true,true,true,true,"","","rui/hud/common/objective_marker","settings/itemflav/ping/ping_go.rpak"
"","PING_ENEMY_SPOTTED_GENERAL","","#PROMPT_PING_ENEMY_SPOTTED_GENERAL","#PROMPT_PING_ENEMY_SPOTTED_GENERAL_SHORT","#PING_ENEMY_SPOTTED_GENERAL","ping_spotEnemy",true,true,true,true,"","","rui/hud/ping/icon_ping_enemy","settings/itemflav/ping/ping_enemy.rpak"
"","PING_ENEMY_SPOTTED_SPECIFIC","","#PROMPT_PING_ENEMY_SPOTTED_SPECIFIC","#PROMPT_PING_ENEMY_SPOTTED_SPECIFIC_SHORT","#PING_ENEMY_SPOTTED_SPECIFIC","ping_spotEnemy",true,true,true,true,"","","rui/hud/ping/icon_ping_enemy","settings/itemflav/ping/ping_enemy.rpak"
"","PING_ENEMY_SUSPECTED","","#PROMPT_PING_ENEMY_SUSPECTED","#PROMPT_PING_ENEMY_SUSPECTED_SHORT","#PING_ENEMY_SUSPECTED","ping_suspectEnemy",true,true,true,true,"","","rui/hud/ping/icon_ping_someonesbeen","settings/itemflav/ping/ping_area_visited.rpak"
"","PING_NPC_LOOT_TICK","","#PROMPT_PING_NPC_LOOT_TICK","#PROMPT_PING_NPC_LOOT_TICK","#PING_NPC_LOOT_TICK","ping_lootTick",true,true,true,true,"","","rui/hud/ping/icon_ping_loot","settings/itemflav/ping/ping_looting.rpak"
"","PING_ENEMY_TRAP","","#PROMPT_PING_ENEMY_TRAP","#PROMPT_PING_ENEMY_TRAP_SHORT","#PING_ENEMY_TRAP","ping_enemyTrap",true,true,true,true,"","","rui/hud/training/gauntlet_target","settings/itemflav/ping/ping_enemy.rpak"
"","PING_ENEMY_TESLA_TRAP","","#PROMPT_PING_ENEMY_FENCE","#PROMPT_PING_ENEMY_FENCE_SHORT","#PING_ENEMY_FENCE","ping_fenceEnemy",true,true,true,true,"","","rui/hud/training/gauntlet_target","settings/itemflav/ping/ping_enemy.rpak"
"","PING_TROPHY_SYSTEM","","#PROMPT_PING_ENEMY_INTERCEPTOR","#PROMPT_PING_ENEMY_INTERCEPTOR_SHORT","#PING_ENEMY_INTERCEPTOR","ping_interceptor",true,true,true,true,"","","rui/hud/training/gauntlet_target","settings/itemflav/ping/ping_enemy.rpak"
"","PING_ENEMY_SMOKE","","#PROMPT_PING_ENEMY_SMOKE","#PROMPT_PING_ENEMY_SMOKE_SHORT","#PING_ENEMY_SMOKE","ping_enemySmoke",true,true,true,true,"","","rui/hud/training/gauntlet_target","settings/itemflav/ping/ping_enemy.rpak"
"","PING_ENEMY_SHIELD","! [jnel] changed ping_enemyShield to ping_shieldUp (there are no friendly/enemy shield lines)","#PROMPT_PING_ENEMY_SHIELD","#PROMPT_PING_ENEMY_SHIELD_SHORT","#PING_ENEMY_SHIELD","ping_shieldUp",true,false,true,false,"","","rui/hud/training/gauntlet_target","settings/itemflav/ping/ping_enemy.rpak"
"","PING_ENEMY_TELEPORTER","! [jnel] changed ping_enemyTeleporter to ping_portal","#PROMPT_PING_ENEMY_TELEPORTER","#PROMPT_PING_ENEMY_TELEPORTER_SHORT","#PING_ENEMY_TELEPORTER","ping_portal",true,true,true,true,"","","rui/hud/training/gauntlet_target","settings/itemflav/ping/ping_enemy.rpak"
"","PING_FRIENDLY_TRAP","","#PROMPT_PING_FRIENDLY_TRAP","#PROMPT_PING_FRIENDLY_TRAP_SHORT","#PING_FRIENDLY_TRAP","ping_friendlyTrap",true,false,true,false,"","","rui/hud/minimap/compass_icon_arc_trap","settings/itemflav/ping/ping_enemy.rpak"
"","PING_FRIENDLY_SHIELD","! [jnel] changed ping_friendlyShield to ping_shieldUp (there are no friendly/enemy shield lines)","#PROMPT_PING_FRIENDLY_SHIELD","#PROMPT_PING_FRIENDLY_SHIELD_SHORT","#PING_FRIENDLY_SHIELD","ping_shieldUp",true,false,true,false,"","","rui/hud/tactical_icons/tactical_gibraltar","settings/itemflav/ping/ping_enemy.rpak"
"","PING_FRIENDLY_TELEPORTER","! [jnel] changed ping_friendlyTeleporter to ping_portal","#PROMPT_PING_FRIENDLY_TELEPORTER","#PROMPT_PING_FRIENDLY_TELEPORTER_SHORT","#PING_FRIENDLY_TELEPORTER","ping_portal",true,true,true,true,"","","rui/hud/ultimate_icons/ultimate_wraith",""
"","PING_FRIENDLY_HEALTH","","#PROMPT_PING_FRIENDLY_HEALTH","#PROMPT_PING_FRIENDLY_HEALTH_SHORT","#PING_FRIENDLY_HEALTH","ping_friendlyHealth",true,true,true,true,"","","rui/hud/ping/icon_ping_dronemedic",""
"","PING_RESPAWN_STATION","! [jnel] changed ping_respawnChamber to specifc ping_respawnBeacon","#PROMPT_PING_RESPAWN_STATION","#PROMPT_PING_RESPAWN_STATION_SHORT","#PING_RESPAWN_STATION","ping_respawnBeacon",true,true,true,true,"","","",""
"","PING_RESPAWN_DROPSHIP","","#PROMPT_PING_RESPAWN_DROPSHIP","#PROMPT_PING_RESPAWN_DROPSHIP_SHORT","#PING_RESPAWN_DROPSHIP","ping_dropship",true,false,true,false,"","","rui/hud/ping/icon_ping_watch","settings/itemflav/ping/ping_watching.rpak"
"","PING_JUMP_PAD","","#PROMPT_PING_JUMP_PAD","#PROMPT_PING_JUMP_PAD_SHORT","#PING_JUMP_PAD","ping_jumpPad",true,true,true,true,"","","rui/hud/ping/icon_ping_watch","settings/itemflav/ping/ping_go.rpak"
"","PING_CRYPTO_DRONE","","#PROMPT_PING_CRYPTO_DRONE","#PROMPT_PING_CRYPTO_DRONE_SHORT","#PING_CRYPTO_DRONE","ping_droneEnemy",true,true,true,true,"","","rui/hud/ping/icon_ping_watch","settings/itemflav/ping/ping_go.rpak"
"","CANCELED_PING","","#PROMPT_CANCELED_PING","","#CANCELED_PING","ping_markerRedact",true,false,true,false,"","","rui/menu/dpad_comms/emoji/stop",""
"","REPLY_JOIN","","#PROMPT_REPLY_JOIN","","#REPLY_JOIN","ping_iWillJoin",true,false,true,false,"","","rui/menu/dpad_comms/emoji/toast_beer",""
"","REPLY_YES","! [jnel] changed ping_yes to specifc ping_markerYes","#PROMPT_REPLY_YES","","#REPLY_YES","ping_markerYes",true,false,true,false,"","","rui/hud/ping/icon_ping_yes",""
"","REPLY_NO","! [jnel] changed ping_no to specifc ping_markerNo","#PROMPT_REPLY_NO","","#REPLY_NO","ping_markerNo",true,false,true,false,"","","rui/menu/dpad_comms/emoji/stop",""
"","REPLY_THANKS","! Needs urgent/calm","#PROMPT_REPLY_THANKS","","#REPLY_THANKS","ping_thanks",false,false,false,false,"","","rui/hud/ping/icon_ping_yes",""
"","REPLY_WELCOME","","#PROMPT_REPLY_WELCOME","","#REPLY_WELCOME","ping_youreWelcome",true,false,false,false,"","","rui/hud/ping/icon_ping_yes",""
"","REPLY_I_CANNOT","! Needs new line.","#PROMPT_REPLY_I_CANNOT","","#REPLY_I_CANNOT","ping_no",false,false,false,false,"","","rui/menu/dpad_comms/emoji/exclamation",""
"","REPLY_LOOT_DIBS","! [jnel] hooked up claim/dibs vo","#PROMPT_PING_DIBS","","#QUICKCHAT_DIBS","ping_markerWantThat",true,false,true,false,"","","rui/menu/dpad_comms/emoji/clapping",""
"","REPLY_LOOT_UNDIBS","","#PROMPT_PING_UNDIBS","","#CANCELED_PING","ping_markerRedact",true,false,true,false,"","","rui/menu/dpad_comms/emoji/stop",""
"","REPLY_BLEEDOUT_YES","","#PROMPT_REPLY_BLEEDOUT_YES","","#REPLY_BLEEDOUT_YES","ping_reviveYes",true,false,true,false,"","","rui/hud/ping/icon_ping_yes",""
"","REPLY_BLEEDOUT_NO","","#PROMPT_REPLY_BLEEDOUT_NO","","#REPLY_BLEEDOUT_NO","ping_reviveNo",true,false,true,false,"","","rui/menu/dpad_comms/emoji/exclamation",""
"","REPLY_BLEEDOUT_COMETOME","","#PROMPT_REPLY_BLEEDOUT_COMETOME","","#REPLY_BLEEDOUT_COMETOME","ping_reviveCome",true,false,true,false,"","","rui/menu/dpad_comms/emoji/toast_beer",""
"","REPLY_RESPAWN_YES","","#PROMPT_REPLY_RESPAWN_YES","","#REPLY_RESPAWN_YES","ping_grabCard",true,false,true,false,"","","rui/hud/ping/icon_ping_yes",""
"","QUICKCHAT_CELEBRATE","","#PROMPT_QUICKCHAT_NICE","","","ping_celebrate",true,false,false,false,"","","rui/menu/dpad_comms/emoji/thumbsup",""
"","QUICKCHAT_GG","","#PROMPT_QUICKCHAT_GG","","","",false,false,false,false,"","","rui/menu/dpad_comms/emoji/thumbsup",""
"","QUICKCHAT_INTRO_QUIP","","#PROMPT_QUICKCHAT_INTRO_QUIP","","","",false,false,false,false,"","","rui/hud/ping/icon_ping_defense",""
"","QUICKCHAT_KILL_QUIP","","#PROMPT_QUICKCHAT_KILL_QUIP","","","",false,false,false,false,"","","rui/hud/ping/icon_ping_attack",""
"","QUICKCHAT_NICE","! Needs urgent/calm","#PROMPT_QUICKCHAT_NICE","","#QUICKCHAT_NICE","ping_nice",true,false,true,false,"","","rui/menu/dpad_comms/emoji/party_hat",""
"","QUICKCHAT_THANKS","! Needs urgent/calm","#PROMPT_QUICKCHAT_THANKS","","#QUICKCHAT_THANKS","ping_thanks",false,false,false,false,"","","rui/menu/dpad_comms/emoji/clapping",""
"","QUICKCHAT_WAIT","! Needs urgent/calm","#PROMPT_QUICKCHAT_WAIT","","#QUICKCHAT_WAIT","ping_markerWait",true,false,true,false,"","","rui/menu/dpad_comms/emoji/stop",""
"","QUICKCHAT_WHAT_NOW","! Needs urgent/calm","#PROMPT_QUICKCHAT_WHAT_NOW","","#QUICKCHAT_WHAT_NOW","ping_nextMove",false,false,false,false,"","","rui/menu/dpad_comms/emoji/dotdotdot",""
"","QUICKCHAT_READY","! Needs urgent/calm","#PROMPT_QUICKCHAT_READY","","#QUICKCHAT_READY","ping_ready",false,false,false,false,"","","rui/menu/dpad_comms/emoji/party_hat",""
"","QUICKCHAT_STICK_TOGETHER","! Needs urgent/calm","#PROMPT_QUICKCHAT_STICK_TOGETHER","","#QUICKCHAT_STICK_TOGETHER","auto_stickTogether",false,false,false,false,"","","rui/menu/dpad_comms/emoji/toast_beer",""
"","QUICKCHAT_COVER_ME","! Needs urgent/calm","#PROMPT_QUICKCHAT_COVER_ME","","#QUICKCHAT_COVER_ME","ping_coverme",false,false,false,false,"","","rui/menu/dpad_comms/emoji/lightning",""
"","QUICKCHAT_BLEEDOUT_HELP","","#PROMPT_QUICKCHAT_BLEEDOUT_HELP","","#QUICKCHAT_BLEEDOUT_HELP","ping_helpcall",false,false,false,false,"","","rui/menu/dpad_comms/speech_hud",""
"","QUICKCHAT_BLEEDOUT_THANKS","","#PROMPT_QUICKCHAT_BLEEDOUT_THANKS","","#QUICKCHAT_BLEEDOUT_THANKS","ping_thanks",false,false,false,false,"","","rui/menu/dpad_comms/speech_hud",""
"","QUICKCHAT_BLEEDOUT_ITS_OVER","","#PROMPT_QUICKCHAT_BLEEDOUT_ITS_OVER","","#QUICKCHAT_BLEEDOUT_ITS_OVER","ping_leaveMe",false,false,false,false,"","","rui/menu/dpad_comms/speech_hud",""
"","INVENTORY_NEED_AMMO_BULLET","! [jnel] changed to Light ammo","","","#INVENTORY_NEED_AMMO_BULLET","ping_needAmmoLight",true,false,true,false,"","","",""
"","INVENTORY_NEED_AMMO_SPECIAL","","","","#INVENTORY_NEED_AMMO_SPECIAL","ping_needAmmoEnergyEmpty",true,false,true,false,"","","",""
"","INVENTORY_NEED_AMMO_HIGHCAL","! [jnel] changed to heavy ammo","","","#INVENTORY_NEED_AMMO_HIGHCAL","ping_needAmmoHeavy",true,false,true,false,"","","",""
"","INVENTORY_NEED_AMMO_SHOTGUN","","","","#INVENTORY_NEED_AMMO_SHOTGUN","ping_needAmmoShotgunEmpty",true,false,true,false,"","","",""
"","INVENTORY_NEED_FIRST_WEAPON","","","","#INVENTORY_NEED_FIRST_WEAPON","ping_needWeapon",true,false,true,false,"","","",""
"","INVENTORY_NEED_ANOTHER_WEAPON","","","","#INVENTORY_NEED_ANOTHER_WEAPON","ping_needWeapon",true,false,true,false,"","","",""
"","INVENTORY_NEED_ARMOR","","","","#INVENTORY_NEED_ARMOR","ping_needBodyShield",true,false,true,false,"","","",""
"","INVENTORY_NEED_HELMET","","#PROMPT_QUICKCHAT_NEED_HELMET","","#INVENTORY_NEED_HELMET","ping_needHelmet",true,false,true,false,"","","",""
"","INVENTORY_NEED_BACKPACK","","#PROMPT_QUICKCHAT_NEED_BACKPACK","","#INVENTORY_NEED_BACKPACK","ping_needBackpack",true,false,true,false,"","","",""
"","INVENTORY_NEED_HEALTH","","#PROMPT_QUICKCHAT_NEED_HEALTH","","#INVENTORY_NEED_HEALTH","ping_needHealth",true,false,true,false,"","","",""
"","INVENTORY_NEED_SHIELDS","","#PROMPT_QUICKCHAT_NEED_SHIELDS","","#INVENTORY_NEED_SHIELDS","ping_needShields",true,false,true,false,"","","",""
"","INVENTORY_NEED_INCAPSHIELD","","","","#INVENTORY_NEED_INCAPSHIELD","ping_needShieldKO",true,false,true,false,"","","",""
"","INVENTORY_NEED_ATTACHMENT_MAG_BULLET","! [jnel] changed to Extended Light Mag","","","#INVENTORY_NEED_ATTACHMENT_MAG_BULLET","ping_needAmmoMagLight",true,false,true,false,"","","",""
"","INVENTORY_NEED_ATTACHMENT_MAG_SPECIAL","","","","#INVENTORY_NEED_ATTACHMENT_MAG_SPECIAL","ping_needAmmoMagEnergy",true,false,true,false,"","","",""
"","INVENTORY_NEED_ATTACHMENT_MAG_SHOTGUN","","","","#INVENTORY_NEED_ATTACHMENT_MAG_SHOTGUN","ping_needShotgunBolt",true,false,true,false,"","","",""
"","INVENTORY_NEED_ATTACHMENT_MAG_HIGHCAL","! [jnel] changed to Extended Heavy Mag","","","#INVENTORY_NEED_ATTACHMENT_MAG_HIGHCAL","ping_needAmmoMagHeavy",true,false,true,false,"","","",""
"","INVENTORY_NEED_ATTACHMENT_SIGHT_PISTOL","","","","#INVENTORY_NEED_ATTACHMENT_SIGHT_PISTOL","ping_needOpticPistol",true,false,true,false,"","","",""
"","INVENTORY_NEED_ATTACHMENT_SIGHT_SMG","","","","#INVENTORY_NEED_ATTACHMENT_SIGHT_SMG","ping_needOpticSMG",true,false,true,false,"","","",""
"","INVENTORY_NEED_ATTACHMENT_SIGHT_ASSAULT","","","","#INVENTORY_NEED_ATTACHMENT_SIGHT_ASSAULT","ping_needOpticAssault",true,false,true,false,"","","",""
"","INVENTORY_NEED_ATTACHMENT_SIGHT_LMG","","","","#INVENTORY_NEED_ATTACHMENT_SIGHT_LMG","ping_needOpticLMG",true,false,true,false,"","","",""
"","INVENTORY_NEED_ATTACHMENT_SIGHT_SHOTGUN","","","","#INVENTORY_NEED_ATTACHMENT_SIGHT_SHOTGUN","ping_needOpticShotgun",true,false,true,false,"","","",""
"","INVENTORY_NEED_ATTACHMENT_SIGHT_SNIPER","","","","#INVENTORY_NEED_ATTACHMENT_SIGHT_SNIPER","ping_needOpticSniper",true,false,true,false,"","","",""
"","INVENTORY_NEED_ATTACHMENT_GRIP_PISTOL","! Needs per-weapon-type lines [jnel] changed to tactical stock","","","#INVENTORY_NEED_ATTACHMENT_GRIP_PISTOL","ping_needStockTactical",true,false,true,false,"","","",""
"","INVENTORY_NEED_ATTACHMENT_GRIP_SMG","! Needs per-weapon-type lines [jnel] changed to tactical stock","","","#INVENTORY_NEED_ATTACHMENT_GRIP_SMG","ping_needStockTactical",true,false,true,false,"","","",""
"","INVENTORY_NEED_ATTACHMENT_GRIP_ASSAULT","! Needs per-weapon-type lines [jnel] changed to tactical stock","","","#INVENTORY_NEED_ATTACHMENT_GRIP_ASSAULT","ping_needStockTactical",true,false,true,false,"","","",""
"","INVENTORY_NEED_ATTACHMENT_GRIP_LMG","! Needs per-weapon-type lines [jnel] changed to tactical stock","","","#INVENTORY_NEED_ATTACHMENT_GRIP_LMG","ping_needStockTactical",true,false,true,false,"","","",""
"","INVENTORY_NEED_ATTACHMENT_GRIP_SHOTGUN","! Needs per-weapon-type lines [jnel] changed to tactical stock","","","#INVENTORY_NEED_ATTACHMENT_GRIP_SHOTGUN","ping_needStockTactical",true,false,true,false,"","","",""
"","INVENTORY_NEED_ATTACHMENT_GRIP_SNIPER","! Needs per-weapon-type lines [jnel] changed to sniper stock","","","#INVENTORY_NEED_ATTACHMENT_GRIP_SNIPER","ping_needStockSniper",true,false,true,false,"","","",""
"","INVENTORY_NEED_ATTACHMENT_BARREL_PISTOL","! Needs per-weapon-type lines","","","#INVENTORY_NEED_ATTACHMENT_BARREL_PISTOL","ping_needModBarrel",true,false,true,false,"","","",""
"","INVENTORY_NEED_ATTACHMENT_BARREL_SMG","! Needs per-weapon-type lines","","","#INVENTORY_NEED_ATTACHMENT_BARREL_SMG","ping_needModBarrel",true,false,true,false,"","","",""
"","INVENTORY_NEED_ATTACHMENT_BARREL_ASSAULT","! Needs per-weapon-type lines","","","#INVENTORY_NEED_ATTACHMENT_BARREL_ASSAULT","ping_needModBarrel",true,false,true,false,"","","",""
"","INVENTORY_NEED_ATTACHMENT_BARREL_LMG","! Needs per-weapon-type lines","","","#INVENTORY_NEED_ATTACHMENT_BARREL_LMG","ping_needModBarrel",true,false,true,false,"","","",""
"","INVENTORY_NEED_ATTACHMENT_BARREL_SHOTGUN","! Needs per-weapon-type lines","","","#INVENTORY_NEED_ATTACHMENT_BARREL_SHOTGUN","ping_needModBarrel",true,false,true,false,"","","",""
"","INVENTORY_NEED_ATTACHMENT_BARREL_SNIPER","! Needs per-weapon-type lines","","","#INVENTORY_NEED_ATTACHMENT_BARREL_SNIPER","ping_needModBarrel",true,false,true,false,"","","",""
"","INVENTORY_NEED_WEAPONATTACHMENT_HOPUP","! [jnel] changed from custom weap mod to HopUp","","","#INVENTORY_NEED_WEAPONATTACHMENT_HOPUP","ping_needHopUp",true,false,true,false,"","","",""
"","INVENTORY_NEED_HOPUP_CHOKE","","","","#INVENTORY_NEED_WEAPONATTACHMENT_HOPUP","ping_needHopUp",true,false,true,false,"SUB_TYPE_CHOKE","","",""
"","INVENTORY_NEED_HOPUP_SELECTFIRE","","","","#INVENTORY_NEED_WEAPONATTACHMENT_HOPUP","ping_needHopUp",true,false,true,false,"SUB_TYPE_SELECTFIRE","","",""
"","INVENTORY_NEED_HOPUP_TURBOCHARGER","","","","#INVENTORY_NEED_WEAPONATTACHMENT_HOPUP","ping_needHopUp",true,false,true,false,"SUB_TYPE_TURBOCHARGER","","",""
"","INVENTORY_NEED_HOPUP_SKULLPIERCER","","","","#INVENTORY_NEED_WEAPONATTACHMENT_HOPUP","ping_needHopUp",true,false,true,false,"SUB_TYPE_SKULLPIERCER","","",""
"","INVENTORY_NEED_HOPUP_DISRUPTOR","","","","#INVENTORY_NEED_WEAPONATTACHMENT_HOPUP","ping_needHopUp",true,false,true,false,"SUB_TYPE_DISRUPTOR","","",""
"","INVENTORY_NEED_HOPUP_HAMMERPOINT","","","","#INVENTORY_NEED_WEAPONATTACHMENT_HOPUP","ping_needHopUp",true,false,true,false,"SUB_TYPE_HAMMERPOINT","","",""
"","WRAITH_WARN_TRAPS","","","","#WRAITH_WARN_TRAPS","voiceReact_traps",false,false,false,false,"","","",""
"","WRAITH_WARN_BOMBS","","","","#WRAITH_WARN_BOMBS","voiceReact_bombs",false,false,false,false,"","","",""
"","WRAITH_WARN_PING","","","","#WRAITH_WARN_PING","voiceReact_ping",false,false,false,false,"","","",""
"","WRAITH_WARN_KILLZONE","","","","#WRAITH_WARN_KILLZONE","voiceReact_killzone",false,false,false,false,"","","",""
"","WRAITH_WARN_WATCHED","","","","#WRAITH_WARN_WATCHED","voiceReact_watched",false,false,false,false,"","","",""
"","WRAITH_WARN_SEES_PLAYER","","","","#WRAITH_WARN_SEES_PLAYER","voiceReact_seesPlayer",false,false,false,false,"","","",""
"","WRAITH_WARN_SNIPER","","","","#WRAITH_WARN_SNIPER","voiceReact_sniper",false,false,false,false,"","","",""
"","WRAITH_WARN_HOSTILES","","","","#WRAITH_WARN_HOSTILES","voiceReact_hostiles",false,false,false,false,"","","",""
"","WRAITH_WARN_GRENADE","","","","#WRAITH_WARN_GRENADE","voiceReact_grenade",false,false,false,false,"","","",""
"","WRAITH_WARN_SURROUNDED","","","","#WRAITH_WARN_SURROUNDED","voiceReact_surround",false,false,false,false,"","","",""
"","BLOOHOUND_WARN_TRAVELER","","","","#BLOOHOUND_WARN_TRAVELER","pingClue_traveler",false,false,true,false,"","","rui/hud/ping/icon_ping_someonesbeen","settings/itemflav/ping/ping_area_visited.rpak"
"","BLOOHOUND_WARN_TRAVELER_RECENT","","","","#BLOOHOUND_WARN_TRAVELER_RECENT","pingClue_travelerRecent",false,false,true,false,"","","rui/hud/ping/icon_ping_someonesbeen","settings/itemflav/ping/ping_area_visited.rpak"
"","BLOOHOUND_WARN_BATTLE","","","","#BLOOHOUND_WARN_BATTLE","pingClue_battle",false,false,true,false,"","","rui/hud/ping/icon_ping_battle","settings/itemflav/ping/ping_battle.rpak"
"","BLOOHOUND_WARN_BATTLE_RECENT","","","","#BLOOHOUND_WARN_BATTLE_RECENT","pingClue_battleRecent",false,false,true,false,"","","rui/hud/ping/icon_ping_battle","settings/itemflav/ping/ping_battle.rpak"
"","BLOOHOUND_WARN_LOOTING","","","","#BLOOHOUND_WARN_LOOTING","pingClue_looting",false,false,true,false,"","","rui/hud/ping/icon_ping_loot","settings/itemflav/ping/ping_looting.rpak"
"","BLOOHOUND_WARN_LOOTING_RECENT","","","","#BLOOHOUND_WARN_LOOTING_RECENT","pingClue_lootingRecent",false,false,true,false,"","","rui/hud/ping/icon_ping_loot","settings/itemflav/ping/ping_looting.rpak"
"","BLOOHOUND_WARN_WOUNDED","","","","#BLOOHOUND_WARN_WOUNDED","pingClue_wounded",false,false,true,false,"","","rui/hud/ping/icon_ping_wounded","settings/itemflav/ping/ping_wounded.rpak"
"","BLOOHOUND_WARN_WOUNDED_RECENT","","","","#BLOOHOUND_WARN_WOUNDED_RECENT","pingClue_woundedRecent",false,false,true,false,"","","rui/hud/ping/icon_ping_wounded","settings/itemflav/ping/ping_wounded.rpak"
"","SPAWN_WORMHOLE","","","","","",false,false,false,false,"","","rui/hud/ping/icon_ping_phase_tunnel","settings/itemflav/ping/ping_ent_phase_tunnel.rpak"
"","SPAWN_DRONEMEDIC","","","","","",false,false,false,false,"","","rui/hud/ping/icon_ping_dronemedic","settings/itemflav/ping/ping_ent_dronemedic.rpak"
"HAS_HALLOWEEN","SPAWN_EVAC_SHIP","","#SHADOW_SQUAD_EVAC_ICON","#PROMPT_PING_GO_SHORT","","",false,false,false,false,"","","rui/gamemodes/shadow_squad/evac_countdown","settings/itemflav/ping/ping_evac_ship.rpak"
"HAS_HALLOWEEN","SPAWN_EVAC_ZONE","","#SHADOW_SQUAD_EVAC_ZONE","#SHADOW_SQUAD_ATTACK","","",false,false,false,false,"","","rui/gamemodes/shadow_squad/evac_countdown","settings/itemflav/ping/ping_evac_ship.rpak"
"HAS_HALLOWEEN","SHADOWFALL_NEMESIS","","#SHADOW_SQUAD_NEMESIS","","","",false,false,false,false,"","","rui/hud/gametype_icons/ltm/enemy_nemesis","settings/itemflav/ping/ping_nemisis.rpak"
"HAS_HALLOWEEN","SHADOWFALL_LEGEND_DEATH","","#SHADOW_SQUAD_LEGEND_DEATH","","","",false,false,false,false,"","","rui/hud/gametype_icons/ltm/deathpos_skull_legend","settings/itemflav/ping/ping_legend_death.rpak"
"HAS_HALLOWEEN","SHADOWFALL_SHADOW_DEATH","","#SHADOW_SQUAD_SHADOW_DEATH","","","",false,false,false,false,"","","rui/hud/gametype_icons/ltm/deathpos_skull_default","settings/itemflav/ping/ping_shadow_death.rpak"
"","SUB_TYPE_LEVEL1","","","","","ping_typeLevel1",true,false,true,false,"","","",""
"","SUB_TYPE_LEVEL2","","","","","ping_typeLevel2",true,false,true,false,"","","",""
"","SUB_TYPE_LEVEL3","","","","","ping_typeLevel3",true,false,true,false,"","","",""
"","SUB_TYPE_LEVEL4","","","","","ping_typeLevel4",true,false,true,false,"","","",""
"","SUB_TYPE_FULLYKITTED","","","","","ping_typeFullyKitted",true,false,true,false,"","","",""
"","SUB_TYPE_RANGECLOSE","","","","","ping_typeRangeClose",true,false,true,false,"","","",""
"","SUB_TYPE_RANGEMID","","","","","ping_typeRangeMid",true,false,true,false,"","","",""
"","SUB_TYPE_RANGEFAR","","","","","ping_typeRangeFar",true,false,true,false,"","","",""
"","SUB_TYPE_RANGESNIPER","","","","","ping_typeRangeSniper",true,false,true,false,"","","",""
"","SUB_TYPE_CHOKE","","","","","ping_typeChoke",true,false,true,false,"","","",""
"","SUB_TYPE_SELECTFIRE","","","","","ping_typeSelectfire",true,false,true,false,"","","",""
"","SUB_TYPE_TURBOCHARGER","","","","","ping_typeTurboCharger",true,false,true,false,"","","",""
"","SUB_TYPE_SKULLPIERCER","","","","","ping_typeSkullPiercer",true,false,true,false,"","","",""
"","SUB_TYPE_DISRUPTOR","","","","","ping_typeDisruptor",true,false,true,false,"","","",""
"","SUB_TYPE_HAMMERPOINT","","","","","ping_typeHammerPoint",true,false,true,false,"","","",""
"","FLAVOR_WEAPON_KRABER","","","","","ping_flavorKraber",true,false,false,false,"","","",""
"","FLAVOR_WEAPON_MASTIFF","","","","","ping_flavorMastiff",true,false,false,false,"","","",""
"","FLAVOR_WEAPON_LSTAR","","","","","ping_flavorLstar",true,false,false,false,"","","",""
"","FLAVOR_WEAPON_ENERGY_AR","","","","","ping_flavorHavoc",true,false,false,false,"","","",""
"","FLAVOR_WEAPON_DEVOTION","","","","","ping_flavorDevotion",true,false,false,false,"","","",""
"","FLAVOR_WEAPON_TRIPLETAKE","","","","","ping_flavorTripletake",true,false,false,false,"","","",""
"","FLAVOR_WEAPON_FLATLINE","","","","","ping_flavorFlatline",true,false,false,false,"","","",""
"","FLAVOR_WEAPON_HEMLOK","","","","","ping_flavorHemlok",true,false,false,false,"","","",""
"","FLAVOR_WEAPON_G7","","","","","ping_flavorG7",true,false,false,false,"","","",""
"","FLAVOR_WEAPON_ALTERNATOR","","","","","ping_flavorAlternator",true,false,false,false,"","","",""
"","FLAVOR_WEAPON_R97","","","","","ping_flavorR99",true,false,false,false,"","","",""
"","FLAVOR_WEAPON_PROWLER","","","","","ping_flavorProwler",true,false,false,false,"","","",""
"","FLAVOR_WEAPON_DMR","","","","","ping_flavorDmr",true,false,false,false,"","","",""
"","FLAVOR_WEAPON_SPITFIRE","","","","","ping_flavorSpitfire",true,false,false,false,"","","",""
"","FLAVOR_WEAPON_R201","","","","","ping_flavorR301",true,false,false,false,"","","",""
"","FLAVOR_WEAPON_EVA","","","","","ping_flavorEva",true,false,false,false,"","","",""
"","FLAVOR_WEAPON_PEACEKEEPER","","","","","ping_flavorPeacekeeper",true,false,false,false,"","","",""
"","FLAVOR_WEAPON_MOZAMBIQUE","","","","","ping_flavorMozambique",true,false,false,false,"","","",""
"","FLAVOR_WEAPON_WINGMAN","","","","","ping_flavorWingman",true,false,false,false,"","","",""
"","FLAVOR_WEAPON_SEMIPISTOL","","","","","ping_flavorP2020",true,false,false,false,"","","",""
"","FLAVOR_WEAPON_AUTOPISTOL","","","","","ping_flavorRE45",true,false,false,false,"","","",""
"","FLAVOR_OFFHAND_GRENADE_FIRESTAR","","","","","ping_flavorThermite",true,false,false,false,"","","",""
"","FLAVOR_OFFHAND_GRENADE_FRAG","","","","","ping_flavorFrag",true,false,false,false,"","","",""
"","FLAVOR_OFFHAND_GRENADE_ARC","","","","","ping_flavorArcStar",true,false,false,false,"","","",""
"","FLAVOR_AMMO_SPECIAL","","","","","ping_flavorAmmoEnergy",true,false,false,false,"","","",""
"","FLAVOR_AMMO_SHOTGUN","","","","","ping_flavorAmmoShotgun",true,false,false,false,"","","",""
"","FLAVOR_EQUIPMENT_ARMOR_1","","","","","ping_flavorBodyShield",true,false,false,false,"","","",""
"","FLAVOR_EQUIPMENT_ARMOR_2","","","","","ping_flavorBodyShield",true,false,false,false,"","","",""
"","FLAVOR_EQUIPMENT_ARMOR_3","","","","","ping_flavorBodyShield",true,false,false,false,"","","",""
"","FLAVOR_EQUIPMENT_ARMOR_4","","","","","ping_flavorBodyShield",true,false,false,false,"","","",""
"","FLAVOR_EQUIPMENT_HELMET_1","","","","","ping_flavorHelmet",true,false,false,false,"","","",""
"","FLAVOR_EQUIPMENT_HELMET_2","","","","","ping_flavorHelmet",true,false,false,false,"","","",""
"","FLAVOR_EQUIPMENT_HELMET_3","","","","","ping_flavorHelmet",true,false,false,false,"","","",""
"","FLAVOR_EQUIPMENT_HELMET_4","","","","","ping_flavorHelmet",true,false,false,false,"","","",""
"","FLAVOR_EQUIPMENT_INCAPSHIELD_1","","","","","ping_flavorShieldKO",true,false,false,false,"","","",""
"","FLAVOR_EQUIPMENT_INCAPSHIELD_2","","","","","ping_flavorShieldKO",true,false,false,false,"","","",""
"","FLAVOR_EQUIPMENT_INCAPSHIELD_3","","","","","ping_flavorShieldKO",true,false,false,false,"","","",""
"","FLAVOR_EQUIPMENT_INCAPSHIELD_4","","","","","ping_flavorShieldKO",true,false,false,false,"","","",""
"","FLAVOR_ATTACHMENT_OPTIC_CQ_HCOG_1","","","","","ping_flavorOptic",true,false,false,false,"","","",""
"","FLAVOR_ATTACHMENT_OPTIC_CQ_HCOG_2","","","","","ping_flavorOptic",true,false,false,false,"","","",""
"","FLAVOR_ATTACHMENT_OPTIC_CQ_HOLOSIGHT_1","","","","","ping_flavorOptic",true,false,false,false,"","","",""
"","FLAVOR_ATTACHMENT_OPTIC_CQ_HOLOSIGHT_2","","","","","ping_flavorOptic",true,false,false,false,"","","",""
"","FLAVOR_ATTACHMENT_OPTIC_CQ_THREAT","","","","","ping_flavorOpticThreat",true,false,false,false,"","","",""
"","FLAVOR_ATTACHMENT_OPTIC_RANGED_HCOG","","","","","ping_flavorOptic",true,false,false,false,"","","",""
"","FLAVOR_ATTACHMENT_OPTIC_RANGED_AOG","","","","","ping_flavorOpticVariable",true,false,false,false,"","","",""
"","FLAVOR_ATTACHMENT_OPTIC_SNIPER","","","","","ping_flavorOptic",true,false,false,false,"","","",""
"","FLAVOR_ATTACHMENT_OPTIC_SNIPER_VARIABLE","","","","","ping_flavorOpticVariable",true,false,false,false,"","","",""
"","FLAVOR_ATTACHMENT_OPTIC_SNIPER_THREAT","","","","","ping_flavorOptic",true,false,false,false,"","","",""
"","FLAVOR_ATTACHMENT_MAG_BULLET_1","","","","","ping_flavorAmmoMag",true,false,false,false,"","","",""
"","FLAVOR_ATTACHMENT_MAG_BULLET_2","","","","","ping_flavorAmmoMag",true,false,false,false,"","","",""
"","FLAVOR_ATTACHMENT_MAG_BULLET_3","","","","","ping_flavorAmmoMag",true,false,false,false,"","","",""
"","FLAVOR_ATTACHMENT_MAG_HIGHCAL_1","","","","","ping_flavorAmmoMag",true,false,false,false,"","","",""
"","FLAVOR_ATTACHMENT_MAG_HIGHCAL_2","","","","","ping_flavorAmmoMag",true,false,false,false,"","","",""
"","FLAVOR_ATTACHMENT_MAG_HIGHCAL_3","","","","","ping_flavorAmmoMag",true,false,false,false,"","","",""
"","FLAVOR_ATTACHMENT_SHOTGUN_BOLT_1","","","","","ping_flavorShotgunBolt",true,false,false,false,"","","",""
"","FLAVOR_ATTACHMENT_SHOTGUN_BOLT_2","","","","","ping_flavorShotgunBolt",true,false,false,false,"","","",""
"","FLAVOR_ATTACHMENT_SHOTGUN_BOLT_3","","","","","ping_flavorShotgunBolt",true,false,false,false,"","","",""
"","FLAVOR_ATTACHMENT_STOCK_STANDARD_1","","","","","ping_flavorStockTactical",true,false,false,false,"","","",""
"","FLAVOR_ATTACHMENT_STOCK_STANDARD_2","","","","","ping_flavorStockTactical",true,false,false,false,"","","",""
"","FLAVOR_ATTACHMENT_STOCK_STANDARD_3","","","","","ping_flavorStockTactical",true,false,false,false,"","","",""
"","FLAVOR_ATTACHMENT_STOCK_SNIPER_1","","","","","ping_flavorStockSniper",true,false,false,false,"","","",""
"","FLAVOR_ATTACHMENT_STOCK_SNIPER_2","","","","","ping_flavorStockSniper",true,false,false,false,"","","",""
"","FLAVOR_ATTACHMENT_STOCK_SNIPER_3","","","","","ping_flavorStockSniper",true,false,false,false,"","","",""
"","FLAVOR_ATTACHMENT_BARREL_STABILIZER_1","","","","","ping_flavorBarrelStabilizer",true,false,false,false,"","","",""
"","FLAVOR_ATTACHMENT_BARREL_STABILIZER_2","","","","","ping_flavorBarrelStabilizer",true,false,false,false,"","","",""
"","FLAVOR_ATTACHMENT_BARREL_STABILIZER_3","","","","","ping_flavorBarrelStabilizer",true,false,false,false,"","","",""
"","FLAVOR_ATTACHMENT_BARREL_STABILIZER_4_FLASH_HIDER","","","","","ping_flavorFlashHider",true,false,false,false,"","","",""
"","FLAVOR_ATTACHMENT_HOPUP_TURBOCHARGER","","","","","ping_flavorTurboCharger",true,false,false,false,"","","",""
"","FLAVOR_ATTACHMENT_HOPUP_SELECTFIRE","","","","","ping_flavorSelectfire",true,false,false,false,"","","",""
"","FLAVOR_ATTACHMENT_HOPUP_ENERGY_CHOKE","","","","","ping_flavorChoke",true,false,false,false,"","","",""
"","FLAVOR_ATTACHMENT_HOPUP_HEADSHOT_DMG","","","","","ping_flavorSkullPiercer",true,false,false,false,"","","",""
"","FLAVOR_ITEM_COMBO_FULL","","","","","ping_flavorPhoenixKit",true,false,false,false,"","","",""
"","FLAVOR_ITEM_HEALTH_SMALL","","","","","ping_flavorSyringe",true,false,false,false,"","","",""
"","FLAVOR_ITEM_HEALTH_MEDIUM","","","","","ping_flavorMedKit",true,false,false,false,"","","",""
"","FLAVOR_ITEM_HEALTH_LARGE","","","","","ping_flavorMedKit",true,false,false,false,"","","",""
"","FLAVOR_ITEM_HEALTH_SYRINGE","","","","","ping_flavorSyringe",true,false,false,false,"","","",""
"","FLAVOR_ITEM_ULTIMATE_ENERGY","","","","","ping_flavorAccelerant",true,false,false,false,"","","",""
"","FLAVOR_EQUIPMENT_BACKPACK_1","","","","","ping_flavorBackpack",true,false,false,false,"","","",""
"","FLAVOR_EQUIPMENT_BACKPACK_2","","","","","ping_flavorBackpack",true,false,false,false,"","","",""
"","FLAVOR_EQUIPMENT_BACKPACK_3","","","","","ping_flavorBackpack",true,false,false,false,"","","",""
"","FLAVOR_EQUIPMENT_BACKPACK_4","","","","","ping_flavorBackpack",true,false,false,false,"","","",""
"HAS_DATAKNIFE_LOOT","PING_ITEM_DATA_KNIFE","","","","#PING_LOOT","ping_vaultKey",true,false,true,false,"","","",""
"HAS_LOOT_DRONES","PING_LOOT_DRONE","","#PROMPT_PING_LOOT_DRONE","#PROMPT_PING_LOOT_DRONE_SHORT","#PING_LOOT_DRONE","ping_cargoBot",true,true,true,true,"","","rui/hud/ping/icon_ping_attack","settings/itemflav/ping/ping_attacking.rpak"
"HAS_LOOT_ROLLERS","PING_LOOT_ROLLER","","#PROMPT_PING_LOOT_ROLLER","#PROMPT_PING_LOOT_ROLLER_SHORT","#PING_LOOT_ROLLER","ping_cargo",true,true,true,true,"","","rui/hud/ping/icon_ping_loot","settings/itemflav/ping/ping_looting.rpak"
"HAS_VAULTS","PING_LOOT_VAULT","","#PROMPT_PING_LOOT_VAULT","#PROMPT_PING_LOOT_VAULT_SHORT","#PING_LOOT_VAULT","ping_vaultLoot",true,true,true,true,"SUB_TYPE_VAULT_KEY_NEED","","rui/hud/ping/icon_ping_loot","settings/itemflav/ping/ping_looting.rpak"
"HAS_VAULTS","PING_LOOT_VAULT_HAS_KEY_SQUAD","","#PROMPT_PING_LOOT_VAULT","#PROMPT_PING_LOOT_VAULT_SHORT","#PING_LOOT_VAULT_HAS_KEY","ping_vaultLoot",true,true,true,true,"SUB_TYPE_VAULT_KEY_HAS_SQUAD","","rui/hud/ping/icon_ping_loot","settings/itemflav/ping/ping_looting.rpak"
"HAS_VAULTS","PING_LOOT_VAULT_HAS_KEY_SELF","","#PROMPT_PING_LOOT_VAULT","#PROMPT_PING_LOOT_VAULT_SHORT","#PING_LOOT_VAULT_HAS_KEY","ping_vaultLoot",true,true,true,true,"SUB_TYPE_VAULT_KEY_HAS_SELF","","rui/hud/ping/icon_ping_loot","settings/itemflav/ping/ping_looting.rpak"
"HAS_VAULTS","PING_LOOT_VAULT_OPEN","","#PROMPT_PING_LOOT_VAULT","#PROMPT_PING_LOOT_VAULT_SHORT","#PING_LOOT_VAULT_OPEN","ping_vaultLoot",true,true,true,true,"","","rui/hud/ping/icon_ping_loot","settings/itemflav/ping/ping_looting.rpak"
"HAS_VAULTS","PING_LOOT_VAULT_REVEAL","","#PROMPT_PING_LOOT_VAULT","#PROMPT_PING_LOOT_VAULT_SHORT","#PING_LOOT_VAULT_REVEAL","ping_vaultLoot",true,true,true,true,"","","rui/hud/ping/icon_ping_loot","settings/itemflav/ping/ping_looting.rpak"
"HAS_VAULTS","SUB_TYPE_VAULT_KEY_NEED","","","","","ping_typeKeyNeed",true,false,true,false,"","","",""
"HAS_VAULTS","SUB_TYPE_VAULT_KEY_HAS_SQUAD","","","","","ping_typeKeyHaveSquad",true,false,true,false,"","","",""
"HAS_VAULTS","SUB_TYPE_VAULT_KEY_HAS_SELF","","","","","ping_typeKeyHaveSelf",true,false,true,false,"","","",""
"HAS_DESERTLANDS_TRAIN","PING_TRAIN","","#PROMPT_PING_TRAIN","#PROMPT_PING_TRAIN_SHORT","#PING_TRAIN","ping_train",true,true,true,true,"","","rui/hud/common/objective_marker","settings/itemflav/ping/ping_go.rpak"
"HAS_DESERTLANDS_TRAIN","PING_TRAIN_AT_STATION","","#PROMPT_PING_TRAIN","#PROMPT_PING_TRAIN_SHORT","#PING_TRAIN","ping_trainStopped",true,false,true,false,"","","rui/hud/common/objective_marker","settings/itemflav/ping/ping_go.rpak"
"","PING_GEYSER","","#PROMPT_PING_GEYSER","#PROMPT_PING_GEYSER_SHORT","#PING_GEYSER","ping_geyser",true,true,true,true,"","","rui/hud/common/objective_marker","settings/itemflav/ping/ping_go.rpak"
"","PING_LAVA","","#PROMPT_PING_LAVA","#PROMPT_PING_LAVA_SHORT","#PING_LAVA","ping_lava",true,true,true,true,"","","rui/hud/common/objective_marker","settings/itemflav/ping/ping_go.rpak"
"string","string","string","string","string","string","string","bool","bool","bool","bool","string","string","asset_noprecache","asset"