"featureFlag","mod","type","name","shortName","description","image","emptyImage","cost","costSniper","costPistol","costAT","attachmentPoint","ammoType","specialCaseInvalidReason","toggleMod"
"","pro_screen","mod3","#MOD_PRO_SCREEN_NAME","Pro Screen","#MOD_PRO_SCREEN_DESC","ui/menu/items/mod_icons/stabilizer","ui/menu/items/mod_icons/stabilizer",0,0,0,0,"grip","","",""
"","optic_cq_hcog_classic","sight","#OPTIC_CQ_HCOG_CLASSIC_NAME","#OPTIC_CQ_HCOG_CLASSIC_NAME","#OPTIC_CQ_HCOG_CLASSIC_DESC","r2_ui/menus/loadout_icons/attachments/hcog_ranger","rui/pilot_loadout/mods/empty_sight",0,0,0,0,"sight","","",""
"","optic_cq_hcog_bruiser","sight","#OPTIC_CQ_HCOG_BRUISER_NAME","#OPTIC_CQ_HCOG_BRUISER_NAME","#OPTIC_CQ_HCOG_BRUISER_DESC","r2_ui/menus/loadout_icons/attachments/hcog_ranger","rui/pilot_loadout/mods/empty_sight",0,0,0,0,"sight","","",""
"","optic_cq_holosight","sight","#OPTIC_CQ_HOLOSIGHT_NAME","#OPTIC_CQ_HOLOSIGHT_NAME","#OPTIC_CQ_HOLOSIGHT_DESC","r2_ui/menus/loadout_icons/attachments/holosight","rui/pilot_loadout/mods/empty_sight",0,0,0,0,"sight","","",""
"","optic_cq_holosight_variable","sight","#OPTIC_CQ_HOLOSIGHT_VARIABLE_NAME","#OPTIC_CQ_HOLOSIGHT_VARIABLE_NAME","#OPTIC_CQ_HOLOSIGHT_VARIABLE_DESC","r2_ui/menus/loadout_icons/attachments/variable_zoom","rui/pilot_loadout/mods/empty_sight",0,0,0,0,"sight","","",""
"","optic_cq_threat","sight","#OPTIC_CQ_THREAT_NAME","#OPTIC_CQ_THREAT_NAME","#OPTIC_CQ_THREAT_DESC","r2_ui/menus/loadout_icons/attachments/threat_scope","rui/pilot_loadout/mods/empty_sight",0,0,0,0,"sight","","",""
"","optic_ranged_hcog","sight","#OPTIC_RANGED_HCOG_NAME","#OPTIC_RANGED_HCOG_NAME","#OPTIC_RANGED_HCOG_DESC","r2_ui/menus/loadout_icons/attachments/hcog_ranger","rui/pilot_loadout/mods/empty_sight",0,0,0,0,"sight","","",""
"","optic_ranged_aog_variable","sight","#OPTIC_RANGED_AOG_VARIABLE_NAME","#OPTIC_RANGED_AOG_VARIABLE_NAME","#OPTIC_RANGED_AOG_VARIABLE_DESC","r2_ui/menus/loadout_icons/attachments/aog","rui/pilot_loadout/mods/empty_sight",0,0,0,0,"sight","","",""
"","optic_sniper","sight","#OPTIC_SNIPER_NAME","#OPTIC_SNIPER_NAME","#OPTIC_SNIPER_DESC","ui/menu/items/attachment_icons/scope_6x","rui/pilot_loadout/mods/empty_sight",0,0,0,0,"sight","","#REASON_SNIPER_REQUIRED",""
"","optic_sniper_variable","sight","#OPTIC_SNIPER_VARIABLE_NAME","#OPTIC_SNIPER_VARIABLE_NAME","#OPTIC_SNIPER_VARIABLE_DESC","r2_ui/menus/loadout_icons/attachments/variable_zoom","rui/pilot_loadout/mods/empty_sight",0,0,0,0,"sight","","#REASON_SNIPER_REQUIRED",""
"","optic_sniper_threat","sight","#OPTIC_SNIPER_THREAT_NAME","#OPTIC_SNIPER_THREAT_NAME","#OPTIC_SNIPER_THREAT_DESC","r2_ui/menus/loadout_icons/attachments/threat_scope","rui/pilot_loadout/mods/empty_sight",0,0,0,0,"sight","","#REASON_SNIPER_REQUIRED",""
"","barrel_stabilizer_l1","barrel_stabilizer","#GEAR_BARREL_STABILIZER_L1_NAME","#GEAR_BARREL_STABILIZER_L1_NAME","#GEAR_BARREL_STABILIZER_L1_DESC","rui/pilot_loadout/mods/TEMP_barrel","rui/pilot_loadout/mods/empty_barrel_stabilizer",0,0,0,0,"barrel","","",""
"","barrel_stabilizer_l2","barrel_stabilizer","#GEAR_BARREL_STABILIZER_L2_NAME","#GEAR_BARREL_STABILIZER_L2_NAME","#GEAR_BARREL_STABILIZER_L2_DESC","rui/pilot_loadout/mods/TEMP_barrel","rui/pilot_loadout/mods/empty_barrel_stabilizer",0,0,0,0,"barrel","","",""
"","barrel_stabilizer_l3","barrel_stabilizer","#GEAR_BARREL_STABILIZER_L3_NAME","#GEAR_BARREL_STABILIZER_L3_NAME","#GEAR_BARREL_STABILIZER_L3_DESC","rui/pilot_loadout/mods/TEMP_barrel","rui/pilot_loadout/mods/empty_barrel_stabilizer",0,0,0,0,"barrel","","",""
"","barrel_stabilizer_l4_flash_hider","barrel_flash","#GEAR_BARREL_STABILIZER_L4_NAME","#GEAR_BARREL_STABILIZER_L4_NAME","#GEAR_BARREL_STABILIZER_L4_DESC","r2_ui/menus/loadout_icons/attachments/suppressor","r2_ui/menus/loadout_icons/attachments/suppressor",0,0,0,0,"barrel","","",""
"","bullets_mag_l1","mag_straight","#MOD_bullets_MAG_L1_NAME","#MOD_bullets_MAG_L1_NAME","#MOD_bullets_MAG_L1_DESC","rui/pilot_loadout/mods/TEMP_mag_straight","rui/pilot_loadout/mods/empty_mag_straight",0,0,0,0,"mag","bullet","#REASON_BULLETS_REQUIRED",""
"","bullets_mag_l2","mag_straight","#MOD_bullets_MAG_L2_NAME","#MOD_bullets_MAG_L2_NAME","#MOD_bullets_MAG_L2_DESC","rui/pilot_loadout/mods/TEMP_mag_straight","rui/pilot_loadout/mods/empty_mag_straight",0,0,0,0,"mag","bullet","#REASON_BULLETS_REQUIRED",""
"","bullets_mag_l3","mag_straight","#MOD_bullets_MAG_L3_NAME","#MOD_bullets_MAG_L3_NAME","#MOD_bullets_MAG_L3_DESC","rui/pilot_loadout/mods/TEMP_mag_straight","rui/pilot_loadout/mods/empty_mag_straight",0,0,0,0,"mag","bullet","#REASON_BULLETS_REQUIRED",""
"","highcal_mag_l1","mag","#MOD_highcal_MAG_L1_NAME","#MOD_highcal_MAG_L1_NAME","#MOD_highcal_MAG_L1_DESC","rui/pilot_loadout/mods/TEMP_mag","rui/pilot_loadout/mods/empty_mag",0,0,0,0,"mag","highcal","#REASON_HICAL_REQUIRED",""
"","highcal_mag_l2","mag","#MOD_highcal_MAG_L2_NAME","#MOD_highcal_MAG_L2_NAME","#MOD_highcal_MAG_L2_DESC","rui/pilot_loadout/mods/TEMP_mag","rui/pilot_loadout/mods/empty_mag",0,0,0,0,"mag","highcal","#REASON_HICAL_REQUIRED",""
"","highcal_mag_l3","mag","#MOD_highcal_MAG_L3_NAME","#MOD_highcal_MAG_L3_NAME","#MOD_highcal_MAG_L3_DESC","rui/pilot_loadout/mods/TEMP_mag","rui/pilot_loadout/mods/empty_mag",0,0,0,0,"mag","highcal","#REASON_HICAL_REQUIRED",""
"HAS_ENERGY_MAGS","energy_mag_l1","mag_energy","#MOD_ENERGY_MAG_L1_NAME","#MOD_ENERGY_MAG_L1_NAME","#MOD_ENERGY_MAG_L1_DESC","rui/pilot_loadout/mods/energy_mag","rui/pilot_loadout/mods/empty_energy_mag",0,0,0,0,"mag","special","#REASON_ENERGY_REQUIRED",""
"HAS_ENERGY_MAGS","energy_mag_l2","mag_energy","#MOD_ENERGY_MAG_L2_NAME","#MOD_ENERGY_MAG_L2_NAME","#MOD_ENERGY_MAG_L2_DESC","rui/pilot_loadout/mods/energy_mag","rui/pilot_loadout/mods/empty_energy_mag",0,0,0,0,"mag","special","#REASON_ENERGY_REQUIRED",""
"HAS_ENERGY_MAGS","energy_mag_l3","mag_energy","#MOD_ENERGY_MAG_L3_NAME","#MOD_ENERGY_MAG_L3_NAME","#MOD_ENERGY_MAG_L3_DESC","rui/pilot_loadout/mods/energy_mag","rui/pilot_loadout/mods/empty_energy_mag",0,0,0,0,"mag","special","#REASON_ENERGY_REQUIRED",""
"","shotgun_bolt_l1","mag_shotgun","#MOD_SHOTGUN_BOLT_L1_NAME","#MOD_SHOTGUN_BOLT_L1_NAME","#MOD_SHOTGUN_BOLT_L1_DESC","rui/pilot_loadout/mods/TEMP_mag_shotgun","rui/pilot_loadout/mods/empty_mag_shotgun",0,0,0,0,"mag","shotgun","#REASON_SHOTGUN_REQUIRED",""
"","shotgun_bolt_l2","mag_shotgun","#MOD_SHOTGUN_BOLT_L2_NAME","#MOD_SHOTGUN_BOLT_L2_NAME","#MOD_SHOTGUN_BOLT_L2_DESC","rui/pilot_loadout/mods/TEMP_mag_shotgun","rui/pilot_loadout/mods/empty_mag_shotgun",0,0,0,0,"mag","shotgun","#REASON_SHOTGUN_REQUIRED",""
"","shotgun_bolt_l3","mag_shotgun","#MOD_SHOTGUN_BOLT_L3_NAME","#MOD_SHOTGUN_BOLT_L3_NAME","#MOD_SHOTGUN_BOLT_L3_DESC","rui/pilot_loadout/mods/TEMP_mag_shotgun","rui/pilot_loadout/mods/empty_mag_shotgun",0,0,0,0,"mag","shotgun","#REASON_SHOTGUN_REQUIRED",""
"","stock_tactical_l1","stock_tactical","#GEAR_STOCK_TACTICAL_L1_NAME","#GEAR_STOCK_TACTICAL_L1_NAME","#GEAR_STOCK_TACTICAL_L1_DESC","rui/pilot_loadout/mods/TEMP_stock","rui/pilot_loadout/mods/empty_stock_tactical",0,0,0,0,"grip","","",""
"","stock_tactical_l2","stock_tactical","#GEAR_STOCK_TACTICAL_L2_NAME","#GEAR_STOCK_TACTICAL_L2_NAME","#GEAR_STOCK_TACTICAL_L2_DESC","rui/pilot_loadout/mods/TEMP_stock","rui/pilot_loadout/mods/empty_stock_tactical",0,0,0,0,"grip","","",""
"","stock_tactical_l3","stock_tactical","#GEAR_STOCK_TACTICAL_L3_NAME","#GEAR_STOCK_TACTICAL_L3_NAME","#GEAR_STOCK_TACTICAL_L3_DESC","rui/pilot_loadout/mods/TEMP_stock","rui/pilot_loadout/mods/empty_stock_tactical",0,0,0,0,"grip","","",""
"","stock_sniper_l1","stock_sniper","#GEAR_STOCK_SNIPER_L1_NAME","#GEAR_STOCK_SNIPER_L1_NAME","#GEAR_STOCK_SNIPER_L1_DESC","rui/pilot_loadout/mods/TEMP_stock","rui/pilot_loadout/mods/empty_stock_sniper",0,0,0,0,"grip","","#REASON_SNIPER_REQUIRED",""
"","stock_sniper_l2","stock_sniper","#GEAR_STOCK_SNIPER_L2_NAME","#GEAR_STOCK_SNIPER_L2_NAME","#GEAR_STOCK_SNIPER_L2_DESC","rui/pilot_loadout/mods/TEMP_stock","rui/pilot_loadout/mods/empty_stock_sniper",0,0,0,0,"grip","","#REASON_SNIPER_REQUIRED",""
"","stock_sniper_l3","stock_sniper","#GEAR_STOCK_SNIPER_L3_NAME","#GEAR_STOCK_SNIPER_L3_NAME","#GEAR_STOCK_SNIPER_L3_DESC","rui/pilot_loadout/mods/TEMP_stock","rui/pilot_loadout/mods/empty_stock_sniper",0,0,0,0,"grip","","#REASON_SNIPER_REQUIRED",""
"","hopup_turbocharger","hopup_turbocharger","#WPN_HOPUP_TURBOCHARGER","#WPN_HOPUP_TURBOCHARGER_SHORT","#WPN_HOPUP_TURBOCHARGER_DESC","rui/pilot_loadout/mods/TEMP_hopup","rui/pilot_loadout/mods/empty_hopup_turbocharger",0,0,0,0,"hopup","","#REASON_ENERGY_AR_REQUIRED",""
"","hopup_selectfire","hopup_selectfire","#WPN_HOPUP_SELECTFIRE","#WPN_HOPUP_SELECTFIRE_SHORT","#WPN_HOPUP_SELECTFIRE_DESC","rui/pilot_loadout/mods/TEMP_hopup","rui/pilot_loadout/mods/empty_hopup_autofire",0,0,0,0,"hopup","","#REASON_PROWLER_REQUIRED","altfire"
"","hopup_energy_choke","hopup_em_choke","#WPN_HOPUP_ENERGY_CHOKE","#WPN_HOPUP_ENERGY_CHOKE_SHORT","#WPN_HOPUP_ENERGY_CHOKE_DESC","rui/pilot_loadout/mods/TEMP_hopup","rui/pilot_loadout/mods/empty_hopup_em_choke",0,0,0,0,"hopup","","#REASON_PEACEKEEPER_REQUIRED",""
"","hopup_unshielded_dmg","hopup_unshielded_dmg","#WPN_HOPUP_UNSHIELDED_DMG","#WPN_HOPUP_UNSHIELDED_DMG","#WPN_HOPUP_UNSHIELDED_DMG_DESC","rui/pilot_loadout/mods/hopup_unshielded_dmg","rui/pilot_loadout/mods/empty_hopup_unshielded_dmg",0,0,0,0,"hopup","","",""
"HAS_HIGHCAL_ROUNDS","hopup_highcal_rounds","hopup_highcal_rounds","#WPN_HOPUP_HIGHCAL_ROUNDS","#WPN_HOPUP_HIGHCAL_ROUNDS","#WPN_HOPUP_HIGHCAL_ROUNDS_DESC","rui/pilot_loadout/mods/hopup_anvilreceiver","rui/pilot_loadout/mods/empty_hopup_anvilreceiver",0,0,0,0,"hopup","","","altfire_highcal"
"HAS_DOUBLE_TAP","hopup_double_tap","hopup_double_tap","#WPN_HOPUP_DOUBLE_TAP","#WPN_HOPUP_DOUBLE_TAP","#WPN_HOPUP_DOUBLE_TAP_DESC","rui/pilot_loadout/mods/hopup_doubletap","rui/pilot_loadout/mods/empty_hopup_doubletap",0,0,0,0,"hopup","","","altfire_double_tap"
"string","string","string","string","string","string","asset_noprecache","asset_noprecache","int","int","int","int","string","string","string","string"