"featureFlag","ref","type","minInWorld","baseWeapon","baseMods","supportedAttachments","lootTags","tier","pingCommsAction","fakeAmmoIcon","icon","pickupModel","skinOverride","attachSound","pickupSound_1p","pickupSound_3p","carrySound","pickupString","desc","countPerDrop","inventorySlotCount","netInt","passive","minPVPCurrency","maxPVPCurrency","scrapValue","droppodRotate","conditional","isDynamic"
"","blank","blank",0,"","","","",0,"","","","",0,"","","","","","",1,1,"","",0,0,0,false,false,false
"","mp_weapon_sniper","main_weapon",0,"","crate","","sniper",4,"PING_WEAPON_KRABER","rui/hud/gametype_icons/survival/sur_ammo_kraber","","",0,"","survival_loot_pickup_weapon_sniper","survival_loot_pickup_3p_weapon_sniper","","","",1,1,"","",0,0,20,false,false,false
"","mp_weapon_mastiff","main_weapon",0,"","crate","","shotgun",4,"PING_WEAPON_MASTIFF","rui/hud/gametype_icons/survival/sur_ammo_mastiff","","",0,"","survival_loot_pickup_weapon_mastiff","survival_loot_pickup_3p_weapon_mastiff","","","",1,1,"","",0,0,20,false,false,false
"","mp_weapon_lstar","main_weapon",0,"","crate optic_cq_threat","","lmg",4,"PING_WEAPON_LSTAR","rui/hud/gametype_icons/survival/sur_ammo_lstar","","",0,"","survival_loot_pickup_weapon_lstar","survival_loot_pickup_3p_weapon_lstar","","","",1,1,"","",0,0,20,false,false,false
"HAS_ENERGY_MAGS","mp_weapon_energy_ar","main_weapon",0,"","","sight mag grip hopup","assault",1,"PING_WEAPON_ENERGY_AR","","","",0,"","survival_loot_pickup_weapon_lstar","survival_loot_pickup_3p_weapon_lstar","","","",1,1,"","",0,0,20,false,false,false
"!HAS_ENERGY_MAGS","mp_weapon_energy_ar","main_weapon",0,"","","sight grip hopup","assault",1,"PING_WEAPON_ENERGY_AR","","","",0,"","survival_loot_pickup_weapon_lstar","survival_loot_pickup_3p_weapon_lstar","","","",1,1,"","",0,0,20,false,false,false
"HAS_ENERGY_MAGS","mp_weapon_energy_ar_gold","main_weapon",0,"mp_weapon_energy_ar","gold hopup_turbocharger optic_cq_holosight_variable energy_mag_l3 stock_tactical_l3","sight mag grip hopup","assault",4,"PING_WEAPON_ENERGY_AR","","","",0,"","survival_loot_pickup_weapon_lstar","survival_loot_pickup_3p_weapon_lstar","","","",1,1,"","",0,0,20,false,false,false
"!HAS_ENERGY_MAGS","mp_weapon_energy_ar_gold","main_weapon",0,"mp_weapon_energy_ar","gold hopup_turbocharger optic_cq_holosight_variable stock_tactical_l3","sight grip hopup","assault",4,"PING_WEAPON_ENERGY_AR","","","",0,"","survival_loot_pickup_weapon_lstar","survival_loot_pickup_3p_weapon_lstar","","","",1,1,"","",0,0,20,false,false,false
"HAS_ENERGY_MAGS","mp_weapon_esaw","main_weapon",0,"","","sight mag barrel grip hopup","lmg",1,"PING_WEAPON_DEVOTION","","","",0,"","survival_loot_pickup_weapon_esaw","survival_loot_pickup_3p_weapon_esaw","","","",1,1,"","",0,0,20,false,false,false
"!HAS_ENERGY_MAGS","mp_weapon_esaw","main_weapon",0,"","","sight barrel grip hopup","lmg",1,"PING_WEAPON_DEVOTION","","","",0,"","survival_loot_pickup_weapon_esaw","survival_loot_pickup_3p_weapon_esaw","","","",1,1,"","",0,0,20,false,false,false
"HAS_ENERGY_MAGS","mp_weapon_esaw_gold","main_weapon",0,"mp_weapon_esaw","gold hopup_turbocharger optic_cq_hcog_bruiser energy_mag_l3 barrel_stabilizer_l4_flash_hider stock_tactical_l3","sight mag barrel grip hopup","lmg",4,"PING_WEAPON_DEVOTION","","","",0,"","survival_loot_pickup_weapon_esaw","survival_loot_pickup_3p_weapon_esaw","","","",1,1,"","",0,0,20,false,false,false
"!HAS_ENERGY_MAGS","mp_weapon_esaw_gold","main_weapon",0,"mp_weapon_esaw","gold hopup_turbocharger optic_cq_hcog_bruiser barrel_stabilizer_l4_flash_hider stock_tactical_l3","sight barrel grip hopup","lmg",4,"PING_WEAPON_DEVOTION","","","",0,"","survival_loot_pickup_weapon_esaw","survival_loot_pickup_3p_weapon_esaw","","","",1,1,"","",0,0,20,false,false,false
"HAS_ENERGY_MAGS","mp_weapon_doubletake","main_weapon",0,"","","sight mag grip hopup","sniper",1,"PING_WEAPON_TRIPLETAKE","","","",0,"","survival_loot_pickup_weapon_doubletake","survival_loot_pickup_3p_weapon_doubletake","","","",1,1,"","",0,0,20,false,false,false
"!HAS_ENERGY_MAGS","mp_weapon_doubletake","main_weapon",0,"","","sight grip hopup","sniper",1,"PING_WEAPON_TRIPLETAKE","","","",0,"","survival_loot_pickup_weapon_doubletake","survival_loot_pickup_3p_weapon_doubletake","","","",1,1,"","",0,0,20,false,false,false
"HAS_ENERGY_MAGS","mp_weapon_doubletake_gold","main_weapon",0,"mp_weapon_doubletake","gold hopup_energy_choke optic_sniper_threat energy_mag_l3 stock_sniper_l3","sight mag grip hopup","sniper",4,"PING_WEAPON_TRIPLETAKE","","","",0,"","survival_loot_pickup_weapon_doubletake","survival_loot_pickup_3p_weapon_doubletake","","","",1,1,"","",0,0,20,false,false,false
"!HAS_ENERGY_MAGS","mp_weapon_doubletake_gold","main_weapon",0,"mp_weapon_doubletake","gold hopup_energy_choke optic_sniper_threat stock_sniper_l3","sight grip hopup","sniper",4,"PING_WEAPON_TRIPLETAKE","","","",0,"","survival_loot_pickup_weapon_doubletake","survival_loot_pickup_3p_weapon_doubletake","","","",1,1,"","",0,0,20,false,false,false
"!HAS_HIGHCAL_ROUNDS","mp_weapon_vinson","main_weapon",0,"","","sight mag grip","assault",1,"PING_WEAPON_FLATLINE","","","",0,"","survival_loot_pickup_weapon_vinson","survival_loot_pickup_3p_weapon_vinson","","","",1,1,"","",0,0,20,false,false,false
"HAS_HIGHCAL_ROUNDS","mp_weapon_vinson","main_weapon",0,"","","sight mag grip hopup","assault",1,"PING_WEAPON_FLATLINE","","","",0,"","survival_loot_pickup_weapon_vinson","survival_loot_pickup_3p_weapon_vinson","","","",1,1,"","",0,0,20,false,false,false
"!HAS_HIGHCAL_ROUNDS","mp_weapon_vinson_gold","main_weapon",0,"mp_weapon_vinson","gold optic_cq_holosight_variable highcal_mag_l3 stock_tactical_l3","sight mag grip","assault",4,"PING_WEAPON_FLATLINE","","","",0,"","survival_loot_pickup_weapon_vinson","survival_loot_pickup_3p_weapon_vinson","","","",1,1,"","",0,0,20,false,false,false
"HAS_HIGHCAL_ROUNDS","mp_weapon_vinson_gold","main_weapon",0,"mp_weapon_vinson","gold hopup_highcal_rounds optic_cq_holosight_variable highcal_mag_l3 stock_tactical_l3","sight mag grip hopup","assault",4,"PING_WEAPON_FLATLINE","","","",0,"","survival_loot_pickup_weapon_vinson","survival_loot_pickup_3p_weapon_vinson","","","",1,1,"","",0,0,20,false,false,false
"","mp_weapon_hemlok","main_weapon",0,"","","sight mag barrel grip","assault",1,"PING_WEAPON_HEMLOK","","","",0,"","survival_loot_pickup_weapon_hemlok","survival_loot_pickup_3p_weapon_hemlok","","","",1,1,"","",0,0,20,false,false,false
"!HAS_DOUBLE_TAP","mp_weapon_g2","main_weapon",0,"","","sight mag barrel grip","sniper",1,"PING_WEAPON_G7","","","",0,"","survival_loot_pickup_weapon_g2","survival_loot_pickup_3p_weapon_g2","","","",1,1,"","",0,0,20,false,false,false
"HAS_DOUBLE_TAP","mp_weapon_g2","main_weapon",0,"","","sight mag barrel grip hopup","sniper",1,"PING_WEAPON_G7","","","",0,"","survival_loot_pickup_weapon_g2","survival_loot_pickup_3p_weapon_g2","","","",1,1,"","",0,0,20,false,false,false
"!HAS_DOUBLE_TAP","mp_weapon_g2_gold","main_weapon",0,"mp_weapon_g2","gold optic_ranged_aog_variable bullets_mag_l3 barrel_stabilizer_l4_flash_hider stock_sniper_l3","sight mag barrel grip","sniper",4,"PING_WEAPON_G7","","","",0,"","survival_loot_pickup_weapon_g2","survival_loot_pickup_3p_weapon_g2","","","",1,1,"","",0,0,20,false,false,false
"HAS_DOUBLE_TAP","mp_weapon_g2_gold","main_weapon",0,"mp_weapon_g2","gold hopup_double_tap optic_ranged_aog_variable bullets_mag_l3 barrel_stabilizer_l4_flash_hider stock_sniper_l3","sight mag barrel grip hopup","sniper",4,"PING_WEAPON_G7","","","",0,"","survival_loot_pickup_weapon_g2","survival_loot_pickup_3p_weapon_g2","","","",1,1,"","",0,0,20,false,false,false
"","mp_weapon_alternator_smg","main_weapon",0,"","","sight mag barrel grip","smg",1,"PING_WEAPON_ALTERNATOR","","","",0,"","survival_loot_pickup_weapon_alternator_smg","survival_loot_pickup_3p_weapon_alternator_smg","","","",1,1,"","",0,0,20,false,false,false
"","mp_weapon_alternator_smg_gold","main_weapon",0,"mp_weapon_alternator_smg","gold optic_cq_threat bullets_mag_l3 barrel_stabilizer_l4_flash_hider stock_tactical_l3","sight mag barrel grip","smg",4,"PING_WEAPON_ALTERNATOR","","","",0,"","survival_loot_pickup_weapon_alternator_smg","survival_loot_pickup_3p_weapon_alternator_smg","","","",1,1,"","",0,0,20,false,false,false
"","mp_weapon_r97","main_weapon",0,"","","sight mag barrel grip","smg",1,"PING_WEAPON_R97","","","",0,"","survival_loot_pickup_weapon_r97","survival_loot_pickup_3p_weapon_r97","","","",1,1,"","",0,0,20,false,false,false
"","mp_weapon_pdw","main_weapon",0,"","","sight mag grip hopup","smg",1,"PING_WEAPON_PROWLER","","","",0,"","survival_loot_pickup_weapon_r97","survival_loot_pickup_3p_weapon_r97","","","",1,1,"","",0,0,20,false,false,false
"","mp_weapon_pdw_gold","main_weapon",0,"mp_weapon_pdw","gold hopup_selectfire optic_cq_threat highcal_mag_l3 stock_tactical_l3","sight mag grip hopup","smg",4,"PING_WEAPON_PROWLER","","","",0,"","survival_loot_pickup_weapon_r97","survival_loot_pickup_3p_weapon_r97","","","",1,1,"","",0,0,20,false,false,false
"","mp_weapon_dmr","main_weapon",0,"","","sight mag barrel grip","sniper",1,"PING_WEAPON_DMR","","","",0,"","survival_loot_pickup_weapon_dmr","survival_loot_pickup_3p_weapon_dmr","","","",1,1,"","",0,0,20,false,false,false
"","mp_weapon_dmr_gold","main_weapon",0,"mp_weapon_dmr","gold optic_sniper_threat highcal_mag_l3 barrel_stabilizer_l4_flash_hider stock_sniper_l3","sight mag barrel grip","sniper",4,"PING_WEAPON_DMR","","","",0,"","survival_loot_pickup_weapon_dmr","survival_loot_pickup_3p_weapon_dmr","","","",1,1,"","",0,0,20,false,false,false
"HAS_WEAPON_DEFENDER","mp_weapon_defender","main_weapon",0,"","","sight grip","sniper",1,"PING_WEAPON_DEFENDER","","","",0,"","survival_loot_pickup_weapon_dmr","survival_loot_pickup_3p_weapon_dmr","","","",1,1,"","",0,0,20,false,false,false
"HAS_WEAPON_DEFENDER","mp_weapon_defender_gold","main_weapon",0,"mp_weapon_defender","gold optic_sniper_threat stock_sniper_l3","sight grip","sniper",4,"PING_WEAPON_DEFENDER","","","",0,"","survival_loot_pickup_weapon_dmr","survival_loot_pickup_3p_weapon_dmr","","","",1,1,"","",0,0,20,false,false,false
"","mp_weapon_lmg","main_weapon",0,"","","sight barrel grip mag","lmg",1,"PING_WEAPON_SPITFIRE","","","",0,"","survival_loot_pickup_weapon_lmg","survival_loot_pickup_3p_weapon_lmg","","","",1,1,"","",0,0,20,false,false,false
"!HAS_HIGHCAL_ROUNDS","mp_weapon_rspn101","main_weapon",0,"","","sight mag barrel grip","assault",1,"PING_WEAPON_R201","","","",0,"","survival_loot_pickup_weapon_rspn101","survival_loot_pickup_3p_weapon_rspn101","","","",1,1,"","",0,0,20,false,false,false
"HAS_HIGHCAL_ROUNDS","mp_weapon_rspn101","main_weapon",0,"","","sight mag barrel grip hopup","assault",1,"PING_WEAPON_R201","","","",0,"","survival_loot_pickup_weapon_rspn101","survival_loot_pickup_3p_weapon_rspn101","","","",1,1,"","",0,0,20,false,false,false
"!HAS_HIGHCAL_ROUNDS","mp_weapon_rspn101_gold","main_weapon",0,"mp_weapon_rspn101","gold optic_cq_holosight_variable bullets_mag_l3 barrel_stabilizer_l4_flash_hider stock_tactical_l3","sight mag barrel grip","assault",4,"PING_WEAPON_R201","","","",0,"","survival_loot_pickup_weapon_rspn101","survival_loot_pickup_3p_weapon_rspn101","","","",1,1,"","",0,0,20,false,false,false
"HAS_HIGHCAL_ROUNDS","mp_weapon_rspn101_gold","main_weapon",0,"mp_weapon_rspn101","gold hopup_highcal_rounds optic_cq_holosight_variable bullets_mag_l3 barrel_stabilizer_l4_flash_hider stock_tactical_l3","sight mag barrel grip hopup","assault",4,"PING_WEAPON_R201","","","",0,"","survival_loot_pickup_weapon_rspn101","survival_loot_pickup_3p_weapon_rspn101","","","",1,1,"","",0,0,20,false,false,false
"HAS_EVA_HOPUP","mp_weapon_shotgun","main_weapon",0,"","","sight mag hopup","shotgun",1,"PING_WEAPON_EVA","","","",0,"","survival_loot_pickup_weapon_shotgun","survival_loot_pickup_3p_weapon_shotgun","","","",1,1,"","",0,0,20,false,false,false
"HAS_DOUBLE_TAP","mp_weapon_shotgun_gold","main_weapon",0,"mp_weapon_shotgun","gold hopup_double_tap optic_cq_threat shotgun_bolt_l3","sight mag hopup","shotgun",4,"PING_WEAPON_EVA","","","",0,"","survival_loot_pickup_weapon_shotgun","survival_loot_pickup_3p_weapon_shotgun","","","",1,1,"","",0,0,20,false,false,false
"","mp_weapon_energy_shotgun","main_weapon",0,"","","sight mag hopup","shotgun",1,"PING_WEAPON_PEACEKEEPER","","","",0,"","survival_loot_pickup_weapon_shotgun","survival_loot_pickup_3p_weapon_shotgun","","","",1,1,"","",0,0,20,false,false,false
"","mp_weapon_energy_shotgun_gold","main_weapon",0,"mp_weapon_energy_shotgun","gold hopup_energy_choke optic_cq_threat shotgun_bolt_l3","sight mag hopup","shotgun",4,"PING_WEAPON_PEACEKEEPER","","","",0,"","survival_loot_pickup_weapon_shotgun","survival_loot_pickup_3p_weapon_shotgun","","","",1,1,"","",0,0,20,false,false,false
"","mp_weapon_shotgun_pistol","main_weapon",0,"","","sight mag hopup","pistol",1,"PING_WEAPON_MOZAMBIQUE","","","",0,"","survival_loot_pickup_weapon_shotgun","survival_loot_pickup_3p_weapon_shotgun","","","",1,1,"","",0,0,20,false,false,false
"","mp_weapon_shotgun_pistol_gold","main_weapon",0,"mp_weapon_shotgun_pistol","gold hopup_unshielded_dmg optic_cq_threat shotgun_bolt_l3","sight mag hopup","pistol",4,"PING_WEAPON_MOZAMBIQUE","","","",0,"","survival_loot_pickup_weapon_shotgun","survival_loot_pickup_3p_weapon_shotgun","","","",1,1,"","",0,0,20,false,false,false
"","mp_weapon_wingman","main_weapon",0,"","","sight mag","pistol",1,"PING_WEAPON_WINGMAN","","","",0,"","survival_loot_pickup_weapon_wingman","survival_loot_pickup_3p_weapon_wingman","","","",1,1,"","",0,0,20,false,false,false
"","mp_weapon_wingman_gold","main_weapon",0,"mp_weapon_wingman","gold optic_cq_threat highcal_mag_l3","sight mag","pistol",4,"PING_WEAPON_WINGMAN","","","",0,"","survival_loot_pickup_weapon_wingman","survival_loot_pickup_3p_weapon_wingman","","","",1,1,"","",0,0,20,false,false,false
"","mp_weapon_semipistol","main_weapon",0,"","","sight mag hopup","pistol",1,"PING_WEAPON_SEMIPISTOL","","","",0,"","survival_loot_pickup_weapon_semipistol","survival_loot_pickup_3p_weapon_semipistol","","","",1,1,"","",0,0,20,false,false,false
"","mp_weapon_semipistol_gold","main_weapon",0,"mp_weapon_semipistol","gold hopup_unshielded_dmg optic_cq_threat bullets_mag_l3","sight mag hopup","pistol",4,"PING_WEAPON_SEMIPISTOL","","","",0,"","survival_loot_pickup_weapon_semipistol","survival_loot_pickup_3p_weapon_semipistol","","","",1,1,"","",0,0,20,false,false,false
"","mp_weapon_autopistol","main_weapon",0,"","","sight mag barrel","pistol",1,"PING_WEAPON_AUTOPISTOL","","","",0,"","survival_loot_pickup_weapon_autopistol","survival_loot_pickup_3p_weapon_autopistol","","","",1,1,"","",0,0,20,false,false,false
"","mp_weapon_autopistol_gold","main_weapon",0,"mp_weapon_autopistol","gold optic_cq_threat bullets_mag_l3 barrel_stabilizer_l4_flash_hider","sight mag barrel","pistol",4,"PING_WEAPON_AUTOPISTOL","","","",0,"","survival_loot_pickup_weapon_autopistol","survival_loot_pickup_3p_weapon_autopistol","","","",1,1,"","",0,0,20,false,false,false
"","bullet","ammo",0,"","","","",1,"PING_AMMO_BULLET","","rui/hud/gametype_icons/survival/sur_ammo_bullet","mdl/weapons_r5/loot/_master/w_loot_wep_ammo_sc.rmdl",0,"","survival_loot_pickup_LightAmmo","survival_loot_pickup_3p_LightAmmo","","#SURVIVAL_PICKUP_BULLETS","#SURVIVAL_PICKUP_BULLETS_HINT",20,80,"","",0,0,0,false,false,false
"","special","ammo",0,"","","","",1,"PING_AMMO_SPECIAL","","rui/hud/gametype_icons/survival/sur_ammo_special","mdl/weapons_r5/loot/_master/w_loot_wep_ammo_nrg.rmdl",0,"","survival_loot_pickup_EnergyPack","survival_loot_pickup_3p_EnergyPack","","#SURVIVAL_PICKUP_SPECIAL","#SURVIVAL_PICKUP_SPECIAL_HINT",20,80,"","",0,0,0,false,false,false
"","shotgun","ammo",0,"","","","",1,"PING_AMMO_SHOTGUN","","rui/hud/gametype_icons/survival/sur_ammo_shotgun","mdl/weapons_r5/loot/_master/w_loot_wep_ammo_shg.rmdl",0,"","survival_loot_pickup_ShotgunShells","survival_loot_pickup_3p_ShotgunShells","","#SURVIVAL_PICKUP_SHOTGUN","#SURVIVAL_PICKUP_SHOTGUN_HINT",8,16,"","",0,0,0,false,false,false
"","highcal","ammo",0,"","","","",1,"PING_AMMO_HIGHCAL","","rui/hud/gametype_icons/survival/sur_ammo_bullet_large","mdl/weapons_r5/loot/_master/w_loot_wep_ammo_hc.rmdl",0,"","survival_loot_pickup_HeavyAmmo","survival_loot_pickup_3p_HeavyAmmo","","#SURVIVAL_PICKUP_BULLETS_LARGE","#SURVIVAL_PICKUP_BULLETS_LARGE_HINT",20,80,"","",0,0,0,false,false,false
"","health_pickup_ultimate","health",0,"","","","",2,"PING_ITEM_ULTIMATE_ENERGY","","rui/hud/loot/loot_health_ultimate","mdl/weapons_r5/loot/w_loot_wep_iso_ultimate_accelerant.rmdl",0,"","survival_loot_pickup_Ultimate","survival_loot_pickup_Ultimate_3p","","#SURVIVAL_PICKUP_HEALTH_ULTIMATE","#SURVIVAL_PICKUP_HEALTH_ULTIMATE_HINT",1,1,"","",0,0,5,true,false,false
"","health_pickup_combo_full","health",0,"","","","",3,"PING_ITEM_COMBO_FULL","","rui/hud/loot/loot_stim_combo_full","mdl/weapons_r5/loot/w_loot_wep_iso_phoenix_kit_v1.rmdl",0,"","survival_loot_pickup_battery_shield","survival_loot_pickup_Battery_Shield_3p","","#SURVIVAL_PICKUP_HEALTH_COMBO_FULL","#SURVIVAL_PICKUP_HEALTH_COMBO_FULL_HINT",1,1,"","",0,0,10,false,false,false
"","health_pickup_health_large","health",0,"","","","",2,"PING_ITEM_HEALTH_LARGE","","rui/hud/loot/loot_stim_health_large","mdl/weapons_r5/loot/w_loot_wep_iso_health_main_large.rmdl",0,"","survival_loot_pickup_Medkit","survival_loot_pickup_Medkit_3P","","#SURVIVAL_PICKUP_HEALTH_LARGE","#SURVIVAL_PICKUP_HEALTH_LARGE_HINT",1,3,"","",0,0,10,true,false,false
"","health_pickup_health_small","health",0,"","","","",1,"PING_ITEM_HEALTH_SMALL","","rui/hud/loot/loot_stim_health_small","mdl/weapons_r5/loot/w_loot_wep_iso_health_main_small.rmdl",0,"","survival_loot_pickup_Medkit","survival_loot_pickup_Medkit_3P","","#SURVIVAL_PICKUP_HEALTH_SMALL","#SURVIVAL_PICKUP_HEALTH_SMALL_HINT",2,6,"","",0,0,5,true,false,false
"","health_pickup_combo_large","health",0,"","","","",2,"PING_ITEM_SHIELD_LARGE","","rui/hud/loot/loot_stim_shield_large","mdl/weapons_r5/loot/w_loot_wep_iso_shield_battery_large.rmdl",0,"","survival_loot_pickup_battery_shield","survival_loot_pickup_Battery_Shield_3p","","#SURVIVAL_PICKUP_HEALTH_COMBO_LARGE","#SURVIVAL_PICKUP_HEALTH_COMBO_LARGE_HINT",1,3,"","",0,0,10,false,false,false
"","health_pickup_combo_small","health",0,"","","","",1,"PING_ITEM_SHIELD_SMALL","","rui/hud/loot/loot_stim_shield_small","mdl/weapons_r5/loot/w_loot_wep_iso_shield_battery_small.rmdl",0,"","survival_loot_pickup_battery_shield","survival_loot_pickup_Battery_Shield_3p","","#SURVIVAL_PICKUP_HEALTH_COMBO_SMALL","#SURVIVAL_PICKUP_HEALTH_COMBO_SMALL_HINT",2,6,"","",0,0,5,false,false,false
"","helmet_pickup_lv1","helmet",0,"","","","",1,"PING_EQUIPMENT_HELMET_1","","rui/hud/loot/loot_helmet_1","mdl/weapons_r5/loot/_master/w_loot_cha_shield_upgrade_head_v1.rmdl",1,"","survival_loot_pickup_suits_lvl_01","survival_loot_pickup_3p_suits_lvl_01","weapon_sentryfragdrone_throw_1p","#SURVIVAL_PICKUP_HELMET_1","#SURVIVAL_PICKUP_HELMET_1_HINT",1,1,"","",0,0,10,false,false,false
"","helmet_pickup_lv2","helmet",0,"","","","",2,"PING_EQUIPMENT_HELMET_2","","rui/hud/loot/loot_helmet_2","mdl/weapons_r5/loot/_master/w_loot_cha_shield_upgrade_head_v1.rmdl",2,"","survival_loot_pickup_suits_lvl_02","survival_loot_pickup_3p_suits_lvl_02","weapon_sentryfragdrone_throw_1p","#SURVIVAL_PICKUP_HELMET_2","#SURVIVAL_PICKUP_HELMET_2_HINT",1,1,"","",0,0,10,false,false,false
"","helmet_pickup_lv3","helmet",0,"","","","",3,"PING_EQUIPMENT_HELMET_3","","rui/hud/loot/loot_helmet_3","mdl/weapons_r5/loot/_master/w_loot_cha_shield_upgrade_head_v1.rmdl",3,"","survival_loot_pickup_suits_lvl_03","survival_loot_pickup_3p_suits_lvl_03","weapon_sentryfragdrone_throw_1p","#SURVIVAL_PICKUP_HELMET_3","#SURVIVAL_PICKUP_HELMET_3_HINT",1,1,"","",0,0,10,false,false,false
"","helmet_pickup_lv4_abilities","helmet",0,"","","","",4,"PING_EQUIPMENT_HELMET_4","","rui/hud/loot/loot_helmet_3","mdl/weapons_r5/loot/_master/w_loot_cha_shield_upgrade_head_v1.rmdl",4,"","survival_loot_pickup_suits_lvl_04","survival_loot_pickup_3p_suits_lvl_04","weapon_sentryfragdrone_throw_1p","#SURVIVAL_PICKUP_HELMET_4","#SURVIVAL_PICKUP_HELMET_4_HINT",1,1,"","PAS_REDUCED_COOLDOWNS_TAC_ULT",0,0,10,false,false,false
"","armor_pickup_lv1","armor",0,"","","","",1,"PING_EQUIPMENT_ARMOR_1","","rui/hud/loot/loot_armor_1","mdl/weapons_r5/loot/_master/w_loot_cha_shield_upgrade_body_v1.rmdl",1,"","survival_loot_pickup_suits_lvl_01","survival_loot_pickup_3p_suits_lvl_01","weapon_sentryfragdrone_throw_1p","#SURVIVAL_PICKUP_ARMOR_1","#SURVIVAL_PICKUP_ARMOR_1_HINT",1,1,"","",0,0,20,false,false,false
"","armor_pickup_lv2","armor",0,"","","","",2,"PING_EQUIPMENT_ARMOR_2","","rui/hud/loot/loot_armor_2","mdl/weapons_r5/loot/_master/w_loot_cha_shield_upgrade_body_v1.rmdl",2,"","survival_loot_pickup_suits_lvl_02","survival_loot_pickup_3p_suits_lvl_02","weapon_sentryfragdrone_throw_1p","#SURVIVAL_PICKUP_ARMOR_2","#SURVIVAL_PICKUP_ARMOR_2_HINT",1,1,"","",0,0,20,false,false,false
"","armor_pickup_lv3","armor",0,"","","","",3,"PING_EQUIPMENT_ARMOR_3","","rui/hud/loot/loot_armor_3","mdl/weapons_r5/loot/_master/w_loot_cha_shield_upgrade_body_v1.rmdl",3,"","survival_loot_pickup_suits_lvl_03","survival_loot_pickup_3p_suits_lvl_03","weapon_sentryfragdrone_throw_1p","#SURVIVAL_PICKUP_ARMOR_3","#SURVIVAL_PICKUP_ARMOR_3_HINT",1,1,"","",0,0,20,false,false,false
"!HAS_S3_GOLD_GEAR","armor_pickup_lv4_exec_armor","armor",0,"","","","",4,"PING_EQUIPMENT_ARMOR_4","","rui/hud/loot/loot_armor_3","mdl/weapons_r5/loot/_master/w_loot_cha_shield_upgrade_body_v1.rmdl",4,"","survival_loot_pickup_suits_lvl_04","survival_loot_pickup_3p_suits_lvl_04","weapon_sentryfragdrone_throw_1p","#SURVIVAL_PICKUP_ARMOR_4","#SURVIVAL_PICKUP_ARMOR_4_HINT",1,1,"","PAS_EXEC_BONUS_ARMOR",0,0,20,false,false,false
"HAS_S3_GOLD_GEAR","armor_pickup_lv4_all_fast","armor",0,"","","","",4,"PING_EQUIPMENT_ARMOR_4","","rui/hud/loot/loot_armor_3","mdl/weapons_r5/loot/_master/w_loot_cha_shield_upgrade_body_v1.rmdl",4,"","survival_loot_pickup_suits_lvl_04","survival_loot_pickup_3p_suits_lvl_04","weapon_sentryfragdrone_throw_1p","#SURVIVAL_PICKUP_ARMOR_4","#SURVIVAL_PICKUP_ARMOR_4_HINT",1,1,"","PAS_FAST_HEAL",0,0,20,false,false,false
"","incapshield_pickup_lv1","incapshield",0,"","","","",1,"PING_EQUIPMENT_INCAPSHIELD_1","","rui/hud/loot/loot_incapshield_1","mdl/weapons_r5/loot/w_loot_wep_iso_shield_down_v1.rmdl",0,"","survival_loot_pickup_wallrun_kit","survival_loot_pickup_3p_wallrun_kit","weapon_sentryfragdrone_throw_1p","#SURVIVAL_PICKUP_INCAPSHIELD_LV1","#SURVIVAL_PICKUP_INCAPSHIELD_LV1_HINT",1,1,"","",0,0,10,true,false,false
"","incapshield_pickup_lv2","incapshield",0,"","","","",2,"PING_EQUIPMENT_INCAPSHIELD_2","","rui/hud/loot/loot_incapshield_1","mdl/weapons_r5/loot/w_loot_wep_iso_shield_down_v1.rmdl",0,"","survival_loot_pickup_wallrun_kit","survival_loot_pickup_3p_wallrun_kit","weapon_sentryfragdrone_throw_1p","#SURVIVAL_PICKUP_INCAPSHIELD_LV2","#SURVIVAL_PICKUP_INCAPSHIELD_LV2_HINT",1,1,"","",0,0,10,true,false,false
"","incapshield_pickup_lv3","incapshield",0,"","","","",3,"PING_EQUIPMENT_INCAPSHIELD_3","","rui/hud/loot/loot_incapshield_1","mdl/weapons_r5/loot/w_loot_wep_iso_shield_down_v1.rmdl",0,"","survival_loot_pickup_wallrun_kit","survival_loot_pickup_3p_wallrun_kit","weapon_sentryfragdrone_throw_1p","#SURVIVAL_PICKUP_INCAPSHIELD_LV3","#SURVIVAL_PICKUP_INCAPSHIELD_LV3_HINT",1,1,"","",0,0,10,true,false,false
"","incapshield_pickup_lv4_selfrevive","incapshield",0,"","","","",4,"PING_EQUIPMENT_INCAPSHIELD_4","","rui/hud/loot/loot_incapshield_1","mdl/weapons_r5/loot/w_loot_wep_iso_shield_down_v1.rmdl",0,"","survival_loot_pickup_wallrun_kit","survival_loot_pickup_3p_wallrun_kit","weapon_sentryfragdrone_throw_1p","#SURVIVAL_PICKUP_INCAPSHIELD_LV4","#SURVIVAL_PICKUP_INCAPSHIELD_LV4_HINT",1,1,"","PAS_SELF_REVIVE",0,0,10,true,false,false
"","backpack_pickup_lv1","backpack",0,"","","","",1,"PING_EQUIPMENT_BACKPACK_1","","rui/hud/loot/loot_backpack_1","mdl/humans_r5/loot/w_loot_char_backpack_light.rmdl",0,"","survival_loot_pickup_backpack","survival_loot_pickup_3p_backpack","weapon_sentryfragdrone_throw_1p","#SURVIVAL_PICKUP_BACKPACK_1","#SURVIVAL_PICKUP_BACKPACK_1_HINT",1,1,"","",0,0,10,true,false,false
"","backpack_pickup_lv2","backpack",0,"","","","",2,"PING_EQUIPMENT_BACKPACK_2","","rui/hud/loot/loot_backpack_2","mdl/humans_r5/loot/w_loot_char_backpack_medium.rmdl",0,"","survival_loot_pickup_backpack","survival_loot_pickup_3p_backpack","weapon_sentryfragdrone_throw_1p","#SURVIVAL_PICKUP_BACKPACK_2","#SURVIVAL_PICKUP_BACKPACK_2_HINT",1,1,"","",0,0,10,true,false,false
"","backpack_pickup_lv3","backpack",0,"","","","",3,"PING_EQUIPMENT_BACKPACK_3","","rui/hud/loot/loot_backpack_3","mdl/humans_r5/loot/w_loot_char_backpack_heavy.rmdl",0,"","survival_loot_pickup_backpack","survival_loot_pickup_3p_backpack","weapon_sentryfragdrone_throw_1p","#SURVIVAL_PICKUP_BACKPACK_3","#SURVIVAL_PICKUP_BACKPACK_3_HINT",1,1,"","",0,0,20,true,false,false
"!HAS_S3_GOLD_GEAR","backpack_pickup_lv4_all_fast","backpack",0,"","","","",4,"PING_EQUIPMENT_BACKPACK_4","","rui/hud/loot/loot_backpack_3","mdl/humans_r5/loot/w_loot_char_backpack_heavy.rmdl",0,"","survival_loot_pickup_backpack","survival_loot_pickup_3p_backpack","weapon_sentryfragdrone_throw_1p","#SURVIVAL_PICKUP_BACKPACK_4","#SURVIVAL_PICKUP_BACKPACK_4_HINT",1,1,"","PAS_FAST_HEAL",0,0,20,true,false,false
"HAS_S3_GOLD_GEAR","backpack_pickup_lv4_revive_boost","backpack",0,"","","","",4,"PING_EQUIPMENT_BACKPACK_4","","rui/hud/loot/loot_backpack_3","mdl/humans_r5/loot/w_loot_char_backpack_heavy.rmdl",0,"","survival_loot_pickup_backpack","survival_loot_pickup_3p_backpack","weapon_sentryfragdrone_throw_1p","#SURVIVAL_PICKUP_BACKPACK_4","#SURVIVAL_PICKUP_BACKPACK_4_HINT",1,1,"","PAS_GUARDIAN_ANGEL",0,0,20,true,false,false
"","mp_weapon_thermite_grenade","ordnance",0,"","","","",1,"PING_OFFHAND_GRENADE_FIRESTAR","","rui/ordnance_icons/grenade_incendiary","mdl/weapons/grenades/w_thermite_grenade.rmdl",0,"","survival_loot_pickup_ArcBlade","survival_loot_pickup_3p_ArcBlade","","","",1,2,"","",0,0,5,true,false,false
"","mp_weapon_frag_grenade","ordnance",0,"","","","",1,"PING_OFFHAND_GRENADE_FRAG","","rui/ordnance_icons/grenade_frag","mdl/weapons/grenades/w_loot_m20_f_grenade_projectile.rmdl",0,"","survival_loot_pickup_ordanance","survival_loot_pickup_3p_ordanance","","","",1,2,"","",0,0,5,false,false,false
"","mp_weapon_grenade_emp","ordnance",0,"","","","",1,"PING_OFFHAND_GRENADE_ARC","","rui/ordnance_icons/grenade_arc","mdl/weapons_r5/loot/w_loot_wep_iso_shuriken.rmdl",0,"","survival_loot_pickup_ArcBlade","survival_loot_pickup_3p_ArcBlade","","","",1,2,"","",0,0,5,true,false,false
"","optic_cq_hcog_classic","attachment",0,"","","","",1,"PING_ATTACHMENT_OPTIC_CQ_HCOG_1","","rui/weapon_icons/attachments/hcog","mdl/weapons_r5/loot/_master/w_loot_wep_mods_optic_cq_hcog_r1.rmdl",1,"survival_loot_attach_hcog","survival_loot_pickup_attachments","survival_loot_pickup_3p_attachments","","","",1,1,"","",0,0,5,false,false,false
"","optic_cq_hcog_bruiser","attachment",0,"","","","",2,"PING_ATTACHMENT_OPTIC_CQ_HCOG_2","","rui/weapon_icons/attachments/hcog_bruiser","mdl/weapons_r5/loot/_master/w_loot_wep_mods_optic_cq_hcog_r2.rmdl",2,"survival_loot_attach_hcog","survival_loot_pickup_attachments","survival_loot_pickup_3p_attachments","","","",1,1,"","",0,0,5,false,false,false
"","optic_cq_holosight","attachment",0,"","","","",1,"PING_ATTACHMENT_OPTIC_CQ_HOLOSIGHT_1","","rui/weapon_icons/attachments/holosight","mdl/weapons_r5/loot/_master/w_loot_wep_mods_optic_cq_holo_var.rmdl",1,"survival_loot_attach_holosight","survival_loot_pickup_attachments","survival_loot_pickup_3p_attachments","","","",1,1,"","",0,0,5,false,false,false
"","optic_cq_holosight_variable","attachment",0,"","","","",2,"PING_ATTACHMENT_OPTIC_CQ_HOLOSIGHT_2","","rui/weapon_icons/attachments/1x_2x_variable_holosight","mdl/weapons_r5/loot/_master/w_loot_wep_mods_optic_cq_holo_var_2x.rmdl",2,"survival_loot_attach_holosight","survival_loot_pickup_attachments","survival_loot_pickup_3p_attachments","","","",1,1,"","",0,0,5,false,false,false
"","optic_cq_threat","attachment",0,"","","","",4,"PING_ATTACHMENT_OPTIC_CQ_THREAT","","rui/weapon_icons/attachments/threat_scope","mdl/weapons_r5/loot/_master/w_loot_wep_mods_optic_cq_threat.rmdl",3,"survival_loot_attach_threat_scope","survival_loot_pickup_attachments","survival_loot_pickup_3p_attachments","","","#SURVIVAL_PICKUP_THREAT_SCOPE_HINT",1,1,"","",0,0,5,false,false,false
"","optic_ranged_hcog","attachment",0,"","","","",3,"PING_ATTACHMENT_OPTIC_RANGED_HCOG","","rui/weapon_icons/attachments/hcog_ranged","mdl/weapons_r5/loot/_master/w_loot_wep_mods_optic_rng_hcog_acgs.rmdl",3,"survival_loot_attach_hcog","survival_loot_pickup_attachments","survival_loot_pickup_3p_attachments","","","",1,1,"","",0,0,5,false,false,false
"","optic_ranged_aog_variable","attachment",0,"","","","",3,"PING_ATTACHMENT_OPTIC_RANGED_AOG","","rui/weapon_icons/attachments/2x_4x_variable_aog","mdl/weapons_r5/loot/_master/w_loot_wep_mods_optic_rng_aog_var_r1.rmdl",3,"survival_loot_attach_aog","survival_loot_pickup_attachments","survival_loot_pickup_3p_attachments","","","",1,1,"","",0,0,5,false,false,false
"","optic_sniper","attachment",0,"","","","",2,"PING_ATTACHMENT_OPTIC_SNIPER","","rui/weapon_icons/attachments/4x_sniper","mdl/weapons_r5/loot/_master/w_loot_wep_mods_optic_sni_dcom.rmdl",3,"survival_loot_attach_aog","survival_loot_pickup_attachments","survival_loot_pickup_3p_attachments","","","",1,1,"","",0,0,5,false,false,false
"","optic_sniper_variable","attachment",0,"","","","",3,"PING_ATTACHMENT_OPTIC_SNIPER_VARIABLE","","rui/weapon_icons/attachments/4x_8x_variable_sniper","mdl/weapons_r5/loot/_master/w_loot_wep_mods_optic_sni_var_talon.rmdl",3,"survival_loot_attach_aog","survival_loot_pickup_attachments","survival_loot_pickup_3p_attachments","","","",1,1,"","",0,0,5,false,false,false
"","optic_sniper_threat","attachment",0,"","","","",4,"PING_ATTACHMENT_OPTIC_SNIPER_THREAT","","rui/weapon_icons/attachments/8x_threat_sniper","mdl/weapons_r5/loot/_master/w_loot_wep_mods_optic_sni_threat_wyeon.rmdl",4,"survival_loot_attach_aog","survival_loot_pickup_attachments","survival_loot_pickup_3p_attachments","","","",1,1,"","",0,0,5,false,false,false
"","barrel_stabilizer_l1","attachment",0,"","","","",1,"PING_ATTACHMENT_BARREL_STABILIZER_1","","rui/pilot_loadout/mods/barrel_stabilizer","mdl/weapons_r5/loot/_master/w_loot_wep_mods_suppr_v2b.rmdl",2,"survival_loot_attach_stabilizer","survival_loot_pickup_attachments","survival_loot_pickup_3p_attachments","","","",1,1,"","",0,0,5,false,false,false
"","barrel_stabilizer_l2","attachment",0,"","","","",2,"PING_ATTACHMENT_BARREL_STABILIZER_2","","rui/pilot_loadout/mods/barrel_stabilizer","mdl/weapons_r5/loot/_master/w_loot_wep_mods_suppr_v2b.rmdl",2,"survival_loot_attach_stabilizer","survival_loot_pickup_attachments","survival_loot_pickup_3p_attachments","","","",1,1,"","",0,0,5,false,false,false
"","barrel_stabilizer_l3","attachment",0,"","","","",3,"PING_ATTACHMENT_BARREL_STABILIZER_3","","rui/pilot_loadout/mods/barrel_stabilizer","mdl/weapons_r5/loot/_master/w_loot_wep_mods_suppr_v2b.rmdl",3,"survival_loot_attach_stabilizer","survival_loot_pickup_attachments","survival_loot_pickup_3p_attachments","","","",1,1,"","",0,0,5,false,false,false
"","barrel_stabilizer_l4_flash_hider","attachment",0,"","","","",4,"PING_ATTACHMENT_BARREL_STABILIZER_4_FLASH_HIDER","","rui/pilot_loadout/mods/barrel_flash","mdl/weapons_r5/loot/_master/w_loot_wep_mods_suppr_v1b.rmdl",0,"survival_loot_attach_silencer","survival_loot_pickup_attachments","survival_loot_pickup_3p_attachments","","","",1,1,"","",0,0,5,false,false,false
"","bullets_mag_l1","attachment",0,"","","","",1,"PING_ATTACHMENT_MAG_BULLET_1","","rui/pilot_loadout/mods/light_mag","mdl/weapons_r5/loot/_master/w_loot_wep_mods_mag_v1b.rmdl",0,"survival_loot_attach_extended_ammo","survival_loot_pickup_attachments","survival_loot_pickup_3p_attachments","","","",1,1,"","",0,0,5,true,false,false
"","bullets_mag_l2","attachment",0,"","","","",2,"PING_ATTACHMENT_MAG_BULLET_2","","rui/pilot_loadout/mods/light_mag","mdl/weapons_r5/loot/_master/w_loot_wep_mods_mag_v1b.rmdl",0,"survival_loot_attach_extended_ammo","survival_loot_pickup_attachments","survival_loot_pickup_3p_attachments","","","",1,1,"","",0,0,5,true,false,false
"","bullets_mag_l3","attachment",0,"","","","",3,"PING_ATTACHMENT_MAG_BULLET_3","","rui/pilot_loadout/mods/light_mag","mdl/weapons_r5/loot/_master/w_loot_wep_mods_mag_v1b.rmdl",0,"survival_loot_attach_extended_ammo","survival_loot_pickup_attachments","survival_loot_pickup_3p_attachments","","","",1,1,"","",0,0,5,true,false,false
"","highcal_mag_l1","attachment",0,"","","","",1,"PING_ATTACHMENT_MAG_HIGHCAL_1","","rui/pilot_loadout/mods/heavy_mag","mdl/weapons_r5/loot/_master/w_loot_wep_mods_mag_v2b.rmdl",0,"survival_loot_attach_extended_ammo","survival_loot_pickup_attachments","survival_loot_pickup_3p_attachments","","","",1,1,"","",0,0,5,true,false,false
"","highcal_mag_l2","attachment",0,"","","","",2,"PING_ATTACHMENT_MAG_HIGHCAL_2","","rui/pilot_loadout/mods/heavy_mag","mdl/weapons_r5/loot/_master/w_loot_wep_mods_mag_v2b.rmdl",0,"survival_loot_attach_extended_ammo","survival_loot_pickup_attachments","survival_loot_pickup_3p_attachments","","","",1,1,"","",0,0,5,true,false,false
"","highcal_mag_l3","attachment",0,"","","","",3,"PING_ATTACHMENT_MAG_HIGHCAL_3","","rui/pilot_loadout/mods/heavy_mag","mdl/weapons_r5/loot/_master/w_loot_wep_mods_mag_v2b.rmdl",0,"survival_loot_attach_extended_ammo","survival_loot_pickup_attachments","survival_loot_pickup_3p_attachments","","","",1,1,"","",0,0,5,true,false,false
"HAS_ENERGY_MAGS","energy_mag_l1","attachment",0,"","","","",1,"PING_ATTACHMENT_MAG_ENERGY_1","","rui/pilot_loadout/mods/energy_mag","mdl/weapons_r5/loot/_master/w_loot_wep_mods_mag_energy_v1.rmdl",0,"survival_loot_attach_extended_ammo","survival_loot_pickup_attachments","survival_loot_pickup_3p_attachments","","","",1,1,"","",0,0,5,true,false,false
"HAS_ENERGY_MAGS","energy_mag_l2","attachment",0,"","","","",2,"PING_ATTACHMENT_MAG_ENERGY_2","","rui/pilot_loadout/mods/energy_mag","mdl/weapons_r5/loot/_master/w_loot_wep_mods_mag_energy_v1.rmdl",0,"survival_loot_attach_extended_ammo","survival_loot_pickup_attachments","survival_loot_pickup_3p_attachments","","","",1,1,"","",0,0,5,true,false,false
"HAS_ENERGY_MAGS","energy_mag_l3","attachment",0,"","","","",3,"PING_ATTACHMENT_MAG_ENERGY_3","","rui/pilot_loadout/mods/energy_mag","mdl/weapons_r5/loot/_master/w_loot_wep_mods_mag_energy_v1.rmdl",0,"survival_loot_attach_extended_ammo","survival_loot_pickup_attachments","survival_loot_pickup_3p_attachments","","","",1,1,"","",0,0,5,true,false,false
"","shotgun_bolt_l1","attachment",0,"","","","",1,"PING_ATTACHMENT_SHOTGUN_BOLT_1","","rui/pilot_loadout/mods/shotgun_mag","mdl/weapons_r5/loot/_master/w_loot_wep_mods_mag_v3b.rmdl",0,"survival_loot_attach_extended_ammo","survival_loot_pickup_attachments","survival_loot_pickup_3p_attachments","","","",1,1,"","",0,0,5,true,false,false
"","shotgun_bolt_l2","attachment",0,"","","","",2,"PING_ATTACHMENT_SHOTGUN_BOLT_2","","rui/pilot_loadout/mods/shotgun_mag","mdl/weapons_r5/loot/_master/w_loot_wep_mods_mag_v3b.rmdl",0,"survival_loot_attach_extended_ammo","survival_loot_pickup_attachments","survival_loot_pickup_3p_attachments","","","",1,1,"","",0,0,5,true,false,false
"","shotgun_bolt_l3","attachment",0,"","","","",3,"PING_ATTACHMENT_SHOTGUN_BOLT_3","","rui/pilot_loadout/mods/shotgun_mag","mdl/weapons_r5/loot/_master/w_loot_wep_mods_mag_v3b.rmdl",0,"survival_loot_attach_extended_ammo","survival_loot_pickup_attachments","survival_loot_pickup_3p_attachments","","","",1,1,"","",0,0,5,true,false,false
"","stock_tactical_l1","attachment",0,"","","","",1,"PING_ATTACHMENT_STOCK_STANDARD_1","","rui/pilot_loadout/mods/tactical_stock","mdl/weapons_r5/loot/w_loot_wep_iso_stock_folded_regular.rmdl",0,"survival_loot_attach_stabilizer","survival_loot_pickup_attachments","survival_loot_pickup_3p_attachments","","","",1,1,"","",0,0,5,true,false,false
"","stock_tactical_l2","attachment",0,"","","","",2,"PING_ATTACHMENT_STOCK_STANDARD_2","","rui/pilot_loadout/mods/tactical_stock","mdl/weapons_r5/loot/w_loot_wep_iso_stock_folded_regular.rmdl",0,"survival_loot_attach_stabilizer","survival_loot_pickup_attachments","survival_loot_pickup_3p_attachments","","","",1,1,"","",0,0,5,true,false,false
"","stock_tactical_l3","attachment",0,"","","","",3,"PING_ATTACHMENT_STOCK_STANDARD_3","","rui/pilot_loadout/mods/tactical_stock","mdl/weapons_r5/loot/w_loot_wep_iso_stock_folded_regular.rmdl",0,"survival_loot_attach_stabilizer","survival_loot_pickup_attachments","survival_loot_pickup_3p_attachments","","","",1,1,"","",0,0,5,true,false,false
"","stock_sniper_l1","attachment",0,"","","","",1,"PING_ATTACHMENT_STOCK_SNIPER_1","","rui/pilot_loadout/mods/sniper_stock","mdl/weapons_r5/loot/w_loot_wep_iso_stock_folded_sniper.rmdl",0,"survival_loot_attach_stabilizer","survival_loot_pickup_attachments","survival_loot_pickup_3p_attachments","","","",1,1,"","",0,0,5,true,false,false
"","stock_sniper_l2","attachment",0,"","","","",2,"PING_ATTACHMENT_STOCK_SNIPER_2","","rui/pilot_loadout/mods/sniper_stock","mdl/weapons_r5/loot/w_loot_wep_iso_stock_folded_sniper.rmdl",0,"survival_loot_attach_stabilizer","survival_loot_pickup_attachments","survival_loot_pickup_3p_attachments","","","",1,1,"","",0,0,5,true,false,false
"","stock_sniper_l3","attachment",0,"","","","",3,"PING_ATTACHMENT_STOCK_SNIPER_3","","rui/pilot_loadout/mods/sniper_stock","mdl/weapons_r5/loot/w_loot_wep_iso_stock_folded_sniper.rmdl",0,"survival_loot_attach_stabilizer","survival_loot_pickup_attachments","survival_loot_pickup_3p_attachments","","","",1,1,"","",0,0,5,true,false,false
"","hopup_turbocharger","attachment",0,"","","","",4,"PING_ATTACHMENT_HOPUP_TURBOCHARGER","","rui/pilot_loadout/mods/hopup_turbocharger","mdl/weapons_r5/loot/_master/w_loot_wep_mods_chip.rmdl",4,"survival_loot_attach_stabilizer","survival_loot_pickup_attachments","survival_loot_pickup_3p_attachments","","","",1,1,"","",0,0,10,false,false,false
"","hopup_selectfire","attachment",0,"","","","",3,"PING_ATTACHMENT_HOPUP_SELECTFIRE","","rui/pilot_loadout/mods/hopup_autofire","mdl/weapons_r5/loot/_master/w_loot_wep_mods_chip.rmdl",3,"survival_loot_attach_stabilizer","survival_loot_pickup_attachments","survival_loot_pickup_3p_attachments","","","",1,1,"","",0,0,10,false,false,false
"","hopup_energy_choke","attachment",0,"","","","",3,"PING_ATTACHMENT_HOPUP_ENERGY_CHOKE","","rui/pilot_loadout/mods/hopup_em_choke","mdl/weapons_r5/loot/_master/w_loot_wep_mods_chip.rmdl",3,"survival_loot_attach_stabilizer","survival_loot_pickup_attachments","survival_loot_pickup_3p_attachments","","","",1,1,"","",0,0,10,false,false,false
"","hopup_unshielded_dmg","attachment",0,"","","","",3,"PING_ATTACHMENT_HOPUP_UNSHIELDED_DMG","","rui/pilot_loadout/mods/hopup_unshielded_dmg","mdl/weapons_r5/loot/_master/w_loot_wep_mods_chip.rmdl",3,"survival_loot_attach_stabilizer","survival_loot_pickup_attachments","survival_loot_pickup_3p_attachments","","","",1,1,"","",0,0,10,false,false,false
"HAS_HIGHCAL_ROUNDS","hopup_highcal_rounds","attachment",0,"","","","",4,"PING_ATTACHMENT_HOPUP_HIGHCAL_ROUNDS","","rui/pilot_loadout/mods/hopup_anvilreceiver","mdl/weapons_r5/loot/_master/w_loot_wep_mods_chip.rmdl",4,"survival_loot_attach_stabilizer","survival_loot_pickup_attachments","survival_loot_pickup_3p_attachments","","","",1,1,"","",0,0,10,false,false,false
"HAS_DOUBLE_TAP","hopup_double_tap","attachment",0,"","","","",3,"PING_ATTACHMENT_HOPUP_DOUBLE_TAP","","rui/pilot_loadout/mods/hopup_doubletap","mdl/weapons_r5/loot/_master/w_loot_wep_mods_chip.rmdl",3,"survival_loot_attach_stabilizer","survival_loot_pickup_attachments","survival_loot_pickup_3p_attachments","","","",1,1,"","",0,0,10,false,false,false
"HAS_DATAKNIFE_LOOT","data_knife","data_knife",0,"","","","",5,"PING_ITEM_DATA_KNIFE","","rui/hud/gametype_icons/survival/data_knife","mdl/weapons_r5/loot/_master/w_loot_msc_keycard_v1.rmdl",0,"","survival_loot_pickup_VaultKey","survival_loot_pickup_3p_tactical_ammo","","#SURVIVAL_PICKUP_DATA_KNIFE","#SURVIVAL_PICKUP_DATA_KNIFE_HINT",1,1,"","",0,0,0,false,false,false
"string","string","string","float","string","string","string","string","int","string","asset_noprecache","asset_noprecache","asset","int","string","string","string","string","string","string","int","int","string","string","int","int","int","bool","bool","bool"